<?xml version="1.0" encoding="UTF-8"?>
<!-- Created with BasicAirData GPS Logger for Android - ver. 3.3.0 -->
<!-- Track 2 = 1126 TrackPoints + 0 Placemarks -->

<!-- Track Statistics (based on Total Time | Time in Movement): -->
<!--  Distance = 31,6 km -->
<!--  Duration = 20:05 | 20:05 -->
<!--  Altitude Gap = 10 m -->
<!--  Max Speed = 126 km/h -->
<!--  Avg Speed = 94,7 | 94,7 km/h -->
<!--  Direction = NW -->
<!--  Activity = car -->
<!--  Altitudes = Raw -->

<gpx version="1.0"
     creator="BasicAirData GPS Logger 3.3.0"
     xmlns="http://www.topografix.com/GPX/1/0"
     xmlns:xsi="http://www.w3.org/2001/XMLSchema-instance"
     xsi:schemaLocation="http://www.topografix.com/GPX/1/0 http://www.topografix.com/GPX/1/0/gpx.xsd">
<name>GPS Logger 20260927-102923</name>
<desc>Trasa1</desc>
<time>2026-09-27T08:50:55Z</time>
<keywords>car</keywords>
<bounds minlat="50.43286680" minlon="13.96095419" maxlat="50.62153520" maxlon="14.19081427" />

<trk>
 <name>Track 20260927-102923</name>
 <trkseg>
  <trkpt lat="50.43286680" lon="14.19081427"><ele>213.480</ele><time>2026-09-27T08:29:23Z</time><speed>28.390</speed><sat>28</sat></trkpt>
  <trkpt lat="50.43303667" lon="14.19051402"><ele>213.153</ele><time>2026-09-27T08:29:24Z</time><speed>28.590</speed><sat>28</sat></trkpt>
  <trkpt lat="50.43320194" lon="14.19020274"><ele>212.836</ele><time>2026-09-27T08:29:25Z</time><speed>28.730</speed><sat>28</sat></trkpt>
  <trkpt lat="50.43336807" lon="14.18988666"><ele>212.461</ele><time>2026-09-27T08:29:26Z</time><speed>28.900</speed><sat>29</sat></trkpt>
  <trkpt lat="50.43353236" lon="14.18957205"><ele>212.215</ele><time>2026-09-27T08:29:27Z</time><speed>29.190</speed><sat>29</sat></trkpt>
  <trkpt lat="50.43369702" lon="14.18924989"><ele>211.963</ele><time>2026-09-27T08:29:28Z</time><speed>29.600</speed><sat>29</sat></trkpt>
  <trkpt lat="50.43386071" lon="14.18892090"><ele>212.004</ele><time>2026-09-27T08:29:29Z</time><speed>29.550</speed><sat>29</sat></trkpt>
  <trkpt lat="50.43402259" lon="14.18859214"><ele>212.238</ele><time>2026-09-27T08:29:30Z</time><speed>29.310</speed><sat>29</sat></trkpt>
  <trkpt lat="50.43417807" lon="14.18825679"><ele>211.958</ele><time>2026-09-27T08:29:31Z</time><speed>29.500</speed><sat>29</sat></trkpt>
  <trkpt lat="50.43433347" lon="14.18794088"><ele>210.945</ele><time>2026-09-27T08:29:32Z</time><speed>28.680</speed><sat>28</sat></trkpt>
  <trkpt lat="50.43448486" lon="14.18761284"><ele>210.724</ele><time>2026-09-27T08:29:33Z</time><speed>28.350</speed><sat>28</sat></trkpt>
  <trkpt lat="50.43463317" lon="14.18728868"><ele>210.356</ele><time>2026-09-27T08:29:34Z</time><speed>28.110</speed><sat>28</sat></trkpt>
  <trkpt lat="50.43477873" lon="14.18696693"><ele>210.101</ele><time>2026-09-27T08:29:35Z</time><speed>27.840</speed><sat>28</sat></trkpt>
  <trkpt lat="50.43492515" lon="14.18664778"><ele>209.905</ele><time>2026-09-27T08:29:36Z</time><speed>27.600</speed><sat>28</sat></trkpt>
  <trkpt lat="50.43506755" lon="14.18632832"><ele>209.790</ele><time>2026-09-27T08:29:37Z</time><speed>27.590</speed><sat>28</sat></trkpt>
  <trkpt lat="50.43520723" lon="14.18600678"><ele>209.074</ele><time>2026-09-27T08:29:38Z</time><speed>27.510</speed><sat>28</sat></trkpt>
  <trkpt lat="50.43534270" lon="14.18568641"><ele>208.886</ele><time>2026-09-27T08:29:39Z</time><speed>27.460</speed><sat>28</sat></trkpt>
  <trkpt lat="50.43547828" lon="14.18536038"><ele>208.472</ele><time>2026-09-27T08:29:40Z</time><speed>27.440</speed><sat>28</sat></trkpt>
  <trkpt lat="50.43561035" lon="14.18503821"><ele>208.393</ele><time>2026-09-27T08:29:41Z</time><speed>27.450</speed><sat>29</sat></trkpt>
  <trkpt lat="50.43574521" lon="14.18471617"><ele>208.587</ele><time>2026-09-27T08:29:42Z</time><speed>27.500</speed><sat>29</sat></trkpt>
  <trkpt lat="50.43587693" lon="14.18438615"><ele>208.153</ele><time>2026-09-27T08:29:43Z</time><speed>27.560</speed><sat>29</sat></trkpt>
  <trkpt lat="50.43600491" lon="14.18405249"><ele>207.851</ele><time>2026-09-27T08:29:44Z</time><speed>27.640</speed><sat>29</sat></trkpt>
  <trkpt lat="50.43613031" lon="14.18371775"><ele>207.344</ele><time>2026-09-27T08:29:45Z</time><speed>27.680</speed><sat>29</sat></trkpt>
  <trkpt lat="50.43625637" lon="14.18338510"><ele>206.938</ele><time>2026-09-27T08:29:46Z</time><speed>27.540</speed><sat>29</sat></trkpt>
  <trkpt lat="50.43638208" lon="14.18305519"><ele>206.694</ele><time>2026-09-27T08:29:47Z</time><speed>27.330</speed><sat>29</sat></trkpt>
  <trkpt lat="50.43650515" lon="14.18272651"><ele>206.614</ele><time>2026-09-27T08:29:48Z</time><speed>27.030</speed><sat>29</sat></trkpt>
  <trkpt lat="50.43662506" lon="14.18240018"><ele>206.282</ele><time>2026-09-27T08:29:49Z</time><speed>26.600</speed><sat>29</sat></trkpt>
  <trkpt lat="50.43674138" lon="14.18207969"><ele>206.823</ele><time>2026-09-27T08:29:50Z</time><speed>26.250</speed><sat>28</sat></trkpt>
  <trkpt lat="50.43685554" lon="14.18175851"><ele>206.138</ele><time>2026-09-27T08:29:51Z</time><speed>26.310</speed><sat>29</sat></trkpt>
  <trkpt lat="50.43696302" lon="14.18142562"><ele>205.692</ele><time>2026-09-27T08:29:52Z</time><speed>26.290</speed><sat>29</sat></trkpt>
  <trkpt lat="50.43706703" lon="14.18108711"><ele>205.521</ele><time>2026-09-27T08:29:53Z</time><speed>26.960</speed><sat>29</sat></trkpt>
  <trkpt lat="50.43717683" lon="14.18074049"><ele>205.262</ele><time>2026-09-27T08:29:54Z</time><speed>27.450</speed><sat>28</sat></trkpt>
  <trkpt lat="50.43728519" lon="14.18038774"><ele>205.228</ele><time>2026-09-27T08:29:55Z</time><speed>28.060</speed><sat>28</sat></trkpt>
  <trkpt lat="50.43739499" lon="14.18002554"><ele>205.220</ele><time>2026-09-27T08:29:56Z</time><speed>28.300</speed><sat>29</sat></trkpt>
  <trkpt lat="50.43751099" lon="14.17965818"><ele>204.676</ele><time>2026-09-27T08:29:57Z</time><speed>28.800</speed><sat>28</sat></trkpt>
  <trkpt lat="50.43763089" lon="14.17928746"><ele>204.408</ele><time>2026-09-27T08:29:58Z</time><speed>29.360</speed><sat>28</sat></trkpt>
  <trkpt lat="50.43774552" lon="14.17890357"><ele>203.969</ele><time>2026-09-27T08:29:59Z</time><speed>29.820</speed><sat>28</sat></trkpt>
  <trkpt lat="50.43786054" lon="14.17852310"><ele>203.894</ele><time>2026-09-27T08:30:00Z</time><speed>29.740</speed><sat>29</sat></trkpt>
  <trkpt lat="50.43797927" lon="14.17814914"><ele>203.640</ele><time>2026-09-27T08:30:01Z</time><speed>29.670</speed><sat>29</sat></trkpt>
  <trkpt lat="50.43809526" lon="14.17777450"><ele>203.520</ele><time>2026-09-27T08:30:02Z</time><speed>29.590</speed><sat>29</sat></trkpt>
  <trkpt lat="50.43821176" lon="14.17739975"><ele>203.121</ele><time>2026-09-27T08:30:03Z</time><speed>29.530</speed><sat>31</sat></trkpt>
  <trkpt lat="50.43832388" lon="14.17702214"><ele>202.825</ele><time>2026-09-27T08:30:04Z</time><speed>29.460</speed><sat>31</sat></trkpt>
  <trkpt lat="50.43842501" lon="14.17663942"><ele>202.904</ele><time>2026-09-27T08:30:05Z</time><speed>29.300</speed><sat>31</sat></trkpt>
  <trkpt lat="50.43852506" lon="14.17625999"><ele>202.942</ele><time>2026-09-27T08:30:06Z</time><speed>29.130</speed><sat>31</sat></trkpt>
  <trkpt lat="50.43862470" lon="14.17588510"><ele>202.833</ele><time>2026-09-27T08:30:07Z</time><speed>28.750</speed><sat>33</sat></trkpt>
  <trkpt lat="50.43872178" lon="14.17551612"><ele>202.824</ele><time>2026-09-27T08:30:08Z</time><speed>28.770</speed><sat>33</sat></trkpt>
  <trkpt lat="50.43881566" lon="14.17514540"><ele>202.431</ele><time>2026-09-27T08:30:09Z</time><speed>28.160</speed><sat>31</sat></trkpt>
  <trkpt lat="50.43890250" lon="14.17478180"><ele>202.411</ele><time>2026-09-27T08:30:10Z</time><speed>27.770</speed><sat>31</sat></trkpt>
  <trkpt lat="50.43898702" lon="14.17442661"><ele>202.321</ele><time>2026-09-27T08:30:11Z</time><speed>27.100</speed><sat>31</sat></trkpt>
  <trkpt lat="50.43906672" lon="14.17407330"><ele>202.560</ele><time>2026-09-27T08:30:12Z</time><speed>26.320</speed><sat>31</sat></trkpt>
  <trkpt lat="50.43914541" lon="14.17373489"><ele>202.720</ele><time>2026-09-27T08:30:13Z</time><speed>25.740</speed><sat>30</sat></trkpt>
  <trkpt lat="50.43921627" lon="14.17339504"><ele>202.790</ele><time>2026-09-27T08:30:14Z</time><speed>25.410</speed><sat>31</sat></trkpt>
  <trkpt lat="50.43928817" lon="14.17305948"><ele>203.027</ele><time>2026-09-27T08:30:15Z</time><speed>25.070</speed><sat>31</sat></trkpt>
  <trkpt lat="50.43935565" lon="14.17272680"><ele>202.951</ele><time>2026-09-27T08:30:16Z</time><speed>24.700</speed><sat>33</sat></trkpt>
  <trkpt lat="50.43942358" lon="14.17239907"><ele>203.068</ele><time>2026-09-27T08:30:17Z</time><speed>24.320</speed><sat>33</sat></trkpt>
  <trkpt lat="50.43948600" lon="14.17208178"><ele>202.796</ele><time>2026-09-27T08:30:18Z</time><speed>23.960</speed><sat>33</sat></trkpt>
  <trkpt lat="50.43954833" lon="14.17175941"><ele>202.427</ele><time>2026-09-27T08:30:19Z</time><speed>23.560</speed><sat>34</sat></trkpt>
  <trkpt lat="50.43960662" lon="14.17144407"><ele>202.367</ele><time>2026-09-27T08:30:20Z</time><speed>22.920</speed><sat>33</sat></trkpt>
  <trkpt lat="50.43966435" lon="14.17114396"><ele>202.764</ele><time>2026-09-27T08:30:21Z</time><speed>22.190</speed><sat>33</sat></trkpt>
  <trkpt lat="50.43971596" lon="14.17085123"><ele>202.489</ele><time>2026-09-27T08:30:22Z</time><speed>21.750</speed><sat>33</sat></trkpt>
  <trkpt lat="50.43977095" lon="14.17055942"><ele>202.792</ele><time>2026-09-27T08:30:23Z</time><speed>21.430</speed><sat>34</sat></trkpt>
  <trkpt lat="50.43982673" lon="14.17026976"><ele>202.464</ele><time>2026-09-27T08:30:24Z</time><speed>21.230</speed><sat>34</sat></trkpt>
  <trkpt lat="50.43988140" lon="14.16998332"><ele>202.688</ele><time>2026-09-27T08:30:25Z</time><speed>21.160</speed><sat>33</sat></trkpt>
  <trkpt lat="50.43993755" lon="14.16970084"><ele>203.667</ele><time>2026-09-27T08:30:26Z</time><speed>21.130</speed><sat>35</sat></trkpt>
  <trkpt lat="50.43998593" lon="14.16942491"><ele>203.491</ele><time>2026-09-27T08:30:27Z</time><speed>21.070</speed><sat>36</sat></trkpt>
  <trkpt lat="50.44003458" lon="14.16913707"><ele>203.704</ele><time>2026-09-27T08:30:28Z</time><speed>21.200</speed><sat>36</sat></trkpt>
  <trkpt lat="50.44008145" lon="14.16884903"><ele>204.321</ele><time>2026-09-27T08:30:29Z</time><speed>21.180</speed><sat>36</sat></trkpt>
  <trkpt lat="50.44012972" lon="14.16855783"><ele>204.708</ele><time>2026-09-27T08:30:30Z</time><speed>21.330</speed><sat>36</sat></trkpt>
  <trkpt lat="50.44016963" lon="14.16826561"><ele>204.931</ele><time>2026-09-27T08:30:31Z</time><speed>21.410</speed><sat>36</sat></trkpt>
  <trkpt lat="50.44021056" lon="14.16797683"><ele>205.158</ele><time>2026-09-27T08:30:32Z</time><speed>21.100</speed><sat>36</sat></trkpt>
  <trkpt lat="50.44025200" lon="14.16769964"><ele>205.393</ele><time>2026-09-27T08:30:33Z</time><speed>19.790</speed><sat>36</sat></trkpt>
  <trkpt lat="50.44028529" lon="14.16743511"><ele>205.188</ele><time>2026-09-27T08:30:34Z</time><speed>19.070</speed><sat>35</sat></trkpt>
  <trkpt lat="50.44031719" lon="14.16718040"><ele>205.012</ele><time>2026-09-27T08:30:35Z</time><speed>18.490</speed><sat>35</sat></trkpt>
  <trkpt lat="50.44035545" lon="14.16693113"><ele>205.155</ele><time>2026-09-27T08:30:36Z</time><speed>18.090</speed><sat>36</sat></trkpt>
  <trkpt lat="50.44039071" lon="14.16668021"><ele>205.690</ele><time>2026-09-27T08:30:37Z</time><speed>17.950</speed><sat>36</sat></trkpt>
  <trkpt lat="50.44042216" lon="14.16643187"><ele>206.240</ele><time>2026-09-27T08:30:38Z</time><speed>17.900</speed><sat>36</sat></trkpt>
  <trkpt lat="50.44045533" lon="14.16618369"><ele>206.971</ele><time>2026-09-27T08:30:39Z</time><speed>17.980</speed><sat>36</sat></trkpt>
  <trkpt lat="50.44048842" lon="14.16593534"><ele>207.093</ele><time>2026-09-27T08:30:40Z</time><speed>18.130</speed><sat>36</sat></trkpt>
  <trkpt lat="50.44052283" lon="14.16568272"><ele>206.846</ele><time>2026-09-27T08:30:41Z</time><speed>18.450</speed><sat>36</sat></trkpt>
  <trkpt lat="50.44055422" lon="14.16542264"><ele>207.118</ele><time>2026-09-27T08:30:42Z</time><speed>18.940</speed><sat>36</sat></trkpt>
  <trkpt lat="50.44059058" lon="14.16515602"><ele>207.072</ele><time>2026-09-27T08:30:43Z</time><speed>19.520</speed><sat>36</sat></trkpt>
  <trkpt lat="50.44062615" lon="14.16487075"><ele>207.461</ele><time>2026-09-27T08:30:44Z</time><speed>20.580</speed><sat>36</sat></trkpt>
  <trkpt lat="50.44066522" lon="14.16457720"><ele>207.463</ele><time>2026-09-27T08:30:45Z</time><speed>21.230</speed><sat>37</sat></trkpt>
  <trkpt lat="50.44070414" lon="14.16427959"><ele>207.627</ele><time>2026-09-27T08:30:46Z</time><speed>21.520</speed><sat>37</sat></trkpt>
  <trkpt lat="50.44074325" lon="14.16397862"><ele>207.653</ele><time>2026-09-27T08:30:47Z</time><speed>21.660</speed><sat>36</sat></trkpt>
  <trkpt lat="50.44078225" lon="14.16368223"><ele>207.793</ele><time>2026-09-27T08:30:48Z</time><speed>21.780</speed><sat>37</sat></trkpt>
  <trkpt lat="50.44082002" lon="14.16337515"><ele>207.992</ele><time>2026-09-27T08:30:49Z</time><speed>22.000</speed><sat>37</sat></trkpt>
  <trkpt lat="50.44086039" lon="14.16306950"><ele>208.412</ele><time>2026-09-27T08:30:50Z</time><speed>22.100</speed><sat>37</sat></trkpt>
  <trkpt lat="50.44089807" lon="14.16276268"><ele>208.599</ele><time>2026-09-27T08:30:51Z</time><speed>22.030</speed><sat>37</sat></trkpt>
  <trkpt lat="50.44093624" lon="14.16245777"><ele>208.941</ele><time>2026-09-27T08:30:52Z</time><speed>22.010</speed><sat>37</sat></trkpt>
  <trkpt lat="50.44097913" lon="14.16215139"><ele>208.602</ele><time>2026-09-27T08:30:53Z</time><speed>22.220</speed><sat>37</sat></trkpt>
  <trkpt lat="50.44102122" lon="14.16184100"><ele>208.877</ele><time>2026-09-27T08:30:54Z</time><speed>22.490</speed><sat>37</sat></trkpt>
  <trkpt lat="50.44106476" lon="14.16153257"><ele>209.130</ele><time>2026-09-27T08:30:55Z</time><speed>22.620</speed><sat>37</sat></trkpt>
  <trkpt lat="50.44110677" lon="14.16121998"><ele>209.498</ele><time>2026-09-27T08:30:56Z</time><speed>22.600</speed><sat>37</sat></trkpt>
  <trkpt lat="50.44114468" lon="14.16090796"><ele>209.682</ele><time>2026-09-27T08:30:57Z</time><speed>22.600</speed><sat>37</sat></trkpt>
  <trkpt lat="50.44118754" lon="14.16060183"><ele>209.754</ele><time>2026-09-27T08:30:58Z</time><speed>22.580</speed><sat>37</sat></trkpt>
  <trkpt lat="50.44123017" lon="14.16028941"><ele>209.740</ele><time>2026-09-27T08:30:59Z</time><speed>22.580</speed><sat>37</sat></trkpt>
  <trkpt lat="50.44126741" lon="14.15997933"><ele>209.555</ele><time>2026-09-27T08:31:00Z</time><speed>22.560</speed><sat>37</sat></trkpt>
  <trkpt lat="50.44130397" lon="14.15966662"><ele>209.755</ele><time>2026-09-27T08:31:01Z</time><speed>22.500</speed><sat>37</sat></trkpt>
  <trkpt lat="50.44134264" lon="14.15935383"><ele>209.777</ele><time>2026-09-27T08:31:02Z</time><speed>22.460</speed><sat>37</sat></trkpt>
  <trkpt lat="50.44138475" lon="14.15904814"><ele>209.919</ele><time>2026-09-27T08:31:03Z</time><speed>22.390</speed><sat>37</sat></trkpt>
  <trkpt lat="50.44142512" lon="14.15874593"><ele>210.471</ele><time>2026-09-27T08:31:04Z</time><speed>22.250</speed><sat>37</sat></trkpt>
  <trkpt lat="50.44146249" lon="14.15843975"><ele>210.943</ele><time>2026-09-27T08:31:05Z</time><speed>22.090</speed><sat>37</sat></trkpt>
  <trkpt lat="50.44150056" lon="14.15813341"><ele>211.102</ele><time>2026-09-27T08:31:06Z</time><speed>21.980</speed><sat>37</sat></trkpt>
  <trkpt lat="50.44153984" lon="14.15782866"><ele>211.354</ele><time>2026-09-27T08:31:07Z</time><speed>21.910</speed><sat>37</sat></trkpt>
  <trkpt lat="50.44158041" lon="14.15752047"><ele>211.711</ele><time>2026-09-27T08:31:08Z</time><speed>21.900</speed><sat>37</sat></trkpt>
  <trkpt lat="50.44161712" lon="14.15721838"><ele>211.475</ele><time>2026-09-27T08:31:09Z</time><speed>21.830</speed><sat>37</sat></trkpt>
  <trkpt lat="50.44165736" lon="14.15692147"><ele>211.738</ele><time>2026-09-27T08:31:10Z</time><speed>21.700</speed><sat>37</sat></trkpt>
  <trkpt lat="50.44169364" lon="14.15662434"><ele>211.934</ele><time>2026-09-27T08:31:11Z</time><speed>21.540</speed><sat>37</sat></trkpt>
  <trkpt lat="50.44173412" lon="14.15632939"><ele>212.004</ele><time>2026-09-27T08:31:12Z</time><speed>21.420</speed><sat>36</sat></trkpt>
  <trkpt lat="50.44177160" lon="14.15603573"><ele>212.255</ele><time>2026-09-27T08:31:13Z</time><speed>21.320</speed><sat>36</sat></trkpt>
  <trkpt lat="50.44181272" lon="14.15574165"><ele>212.176</ele><time>2026-09-27T08:31:14Z</time><speed>21.200</speed><sat>36</sat></trkpt>
  <trkpt lat="50.44185128" lon="14.15545126"><ele>212.254</ele><time>2026-09-27T08:31:15Z</time><speed>21.100</speed><sat>35</sat></trkpt>
  <trkpt lat="50.44189170" lon="14.15516193"><ele>212.213</ele><time>2026-09-27T08:31:16Z</time><speed>21.120</speed><sat>36</sat></trkpt>
  <trkpt lat="50.44192741" lon="14.15487423"><ele>212.604</ele><time>2026-09-27T08:31:17Z</time><speed>21.140</speed><sat>36</sat></trkpt>
  <trkpt lat="50.44196431" lon="14.15458541"><ele>212.793</ele><time>2026-09-27T08:31:18Z</time><speed>21.010</speed><sat>36</sat></trkpt>
  <trkpt lat="50.44200114" lon="14.15429485"><ele>212.849</ele><time>2026-09-27T08:31:19Z</time><speed>21.020</speed><sat>37</sat></trkpt>
  <trkpt lat="50.44203878" lon="14.15400268"><ele>212.536</ele><time>2026-09-27T08:31:20Z</time><speed>21.010</speed><sat>37</sat></trkpt>
  <trkpt lat="50.44207590" lon="14.15371206"><ele>212.616</ele><time>2026-09-27T08:31:21Z</time><speed>21.030</speed><sat>37</sat></trkpt>
  <trkpt lat="50.44211337" lon="14.15341820"><ele>212.801</ele><time>2026-09-27T08:31:22Z</time><speed>21.180</speed><sat>36</sat></trkpt>
  <trkpt lat="50.44215205" lon="14.15312176"><ele>212.875</ele><time>2026-09-27T08:31:23Z</time><speed>21.390</speed><sat>35</sat></trkpt>
  <trkpt lat="50.44219086" lon="14.15282166"><ele>212.825</ele><time>2026-09-27T08:31:24Z</time><speed>21.580</speed><sat>35</sat></trkpt>
  <trkpt lat="50.44222752" lon="14.15252029"><ele>213.099</ele><time>2026-09-27T08:31:25Z</time><speed>21.850</speed><sat>35</sat></trkpt>
  <trkpt lat="50.44226735" lon="14.15222050"><ele>213.351</ele><time>2026-09-27T08:31:26Z</time><speed>21.870</speed><sat>34</sat></trkpt>
  <trkpt lat="50.44230817" lon="14.15192464"><ele>213.570</ele><time>2026-09-27T08:31:27Z</time><speed>21.610</speed><sat>32</sat></trkpt>
  <trkpt lat="50.44234689" lon="14.15162645"><ele>213.966</ele><time>2026-09-27T08:31:28Z</time><speed>21.420</speed><sat>32</sat></trkpt>
  <trkpt lat="50.44238362" lon="14.15133160"><ele>214.230</ele><time>2026-09-27T08:31:29Z</time><speed>21.370</speed><sat>32</sat></trkpt>
  <trkpt lat="50.44242173" lon="14.15103774"><ele>214.390</ele><time>2026-09-27T08:31:30Z</time><speed>21.210</speed><sat>34</sat></trkpt>
  <trkpt lat="50.44246008" lon="14.15074858"><ele>214.570</ele><time>2026-09-27T08:31:31Z</time><speed>21.040</speed><sat>34</sat></trkpt>
  <trkpt lat="50.44249644" lon="14.15046213"><ele>214.898</ele><time>2026-09-27T08:31:32Z</time><speed>20.810</speed><sat>34</sat></trkpt>
  <trkpt lat="50.44252785" lon="14.15017276"><ele>215.210</ele><time>2026-09-27T08:31:33Z</time><speed>20.680</speed><sat>34</sat></trkpt>
  <trkpt lat="50.44256746" lon="14.14988625"><ele>215.348</ele><time>2026-09-27T08:31:34Z</time><speed>20.780</speed><sat>33</sat></trkpt>
  <trkpt lat="50.44259755" lon="14.14959485"><ele>215.435</ele><time>2026-09-27T08:31:35Z</time><speed>21.100</speed><sat>34</sat></trkpt>
  <trkpt lat="50.44263057" lon="14.14929865"><ele>215.943</ele><time>2026-09-27T08:31:36Z</time><speed>21.970</speed><sat>34</sat></trkpt>
  <trkpt lat="50.44266865" lon="14.14897597"><ele>216.264</ele><time>2026-09-27T08:31:37Z</time><speed>23.230</speed><sat>34</sat></trkpt>
  <trkpt lat="50.44270890" lon="14.14863766"><ele>216.745</ele><time>2026-09-27T08:31:38Z</time><speed>24.350</speed><sat>33</sat></trkpt>
  <trkpt lat="50.44274830" lon="14.14829233"><ele>217.464</ele><time>2026-09-27T08:31:39Z</time><speed>24.870</speed><sat>35</sat></trkpt>
  <trkpt lat="50.44278738" lon="14.14793941"><ele>218.014</ele><time>2026-09-27T08:31:40Z</time><speed>25.290</speed><sat>37</sat></trkpt>
  <trkpt lat="50.44283757" lon="14.14757507"><ele>218.684</ele><time>2026-09-27T08:31:41Z</time><speed>26.260</speed><sat>37</sat></trkpt>
  <trkpt lat="50.44288411" lon="14.14721045"><ele>219.355</ele><time>2026-09-27T08:31:42Z</time><speed>26.510</speed><sat>37</sat></trkpt>
  <trkpt lat="50.44293111" lon="14.14683771"><ele>220.319</ele><time>2026-09-27T08:31:43Z</time><speed>26.530</speed><sat>37</sat></trkpt>
  <trkpt lat="50.44297452" lon="14.14647123"><ele>220.545</ele><time>2026-09-27T08:31:44Z</time><speed>26.460</speed><sat>37</sat></trkpt>
  <trkpt lat="50.44302402" lon="14.14610456"><ele>220.990</ele><time>2026-09-27T08:31:45Z</time><speed>26.230</speed><sat>37</sat></trkpt>
  <trkpt lat="50.44307381" lon="14.14573893"><ele>221.669</ele><time>2026-09-27T08:31:46Z</time><speed>26.490</speed><sat>37</sat></trkpt>
  <trkpt lat="50.44312226" lon="14.14536669"><ele>222.260</ele><time>2026-09-27T08:31:47Z</time><speed>27.150</speed><sat>37</sat></trkpt>
  <trkpt lat="50.44317098" lon="14.14498777"><ele>223.148</ele><time>2026-09-27T08:31:48Z</time><speed>27.590</speed><sat>37</sat></trkpt>
  <trkpt lat="50.44322172" lon="14.14461392"><ele>223.938</ele><time>2026-09-27T08:31:49Z</time><speed>27.220</speed><sat>37</sat></trkpt>
  <trkpt lat="50.44327509" lon="14.14424260"><ele>224.709</ele><time>2026-09-27T08:31:50Z</time><speed>26.990</speed><sat>37</sat></trkpt>
  <trkpt lat="50.44332989" lon="14.14387879"><ele>225.415</ele><time>2026-09-27T08:31:51Z</time><speed>26.870</speed><sat>37</sat></trkpt>
  <trkpt lat="50.44338207" lon="14.14351341"><ele>226.278</ele><time>2026-09-27T08:31:52Z</time><speed>26.760</speed><sat>37</sat></trkpt>
  <trkpt lat="50.44343819" lon="14.14315150"><ele>227.184</ele><time>2026-09-27T08:31:53Z</time><speed>26.580</speed><sat>36</sat></trkpt>
  <trkpt lat="50.44349415" lon="14.14278493"><ele>227.685</ele><time>2026-09-27T08:31:54Z</time><speed>26.940</speed><sat>35</sat></trkpt>
  <trkpt lat="50.44355017" lon="14.14242395"><ele>228.943</ele><time>2026-09-27T08:31:55Z</time><speed>26.440</speed><sat>34</sat></trkpt>
  <trkpt lat="50.44361040" lon="14.14206835"><ele>229.857</ele><time>2026-09-27T08:31:56Z</time><speed>26.620</speed><sat>33</sat></trkpt>
  <trkpt lat="50.44367696" lon="14.14170011"><ele>230.537</ele><time>2026-09-27T08:31:57Z</time><speed>26.850</speed><sat>33</sat></trkpt>
  <trkpt lat="50.44374172" lon="14.14133046"><ele>231.276</ele><time>2026-09-27T08:31:58Z</time><speed>27.110</speed><sat>32</sat></trkpt>
  <trkpt lat="50.44380992" lon="14.14096017"><ele>232.365</ele><time>2026-09-27T08:31:59Z</time><speed>27.300</speed><sat>32</sat></trkpt>
  <trkpt lat="50.44388102" lon="14.14058743"><ele>233.144</ele><time>2026-09-27T08:32:00Z</time><speed>27.470</speed><sat>33</sat></trkpt>
  <trkpt lat="50.44395387" lon="14.14021202"><ele>234.145</ele><time>2026-09-27T08:32:01Z</time><speed>27.630</speed><sat>33</sat></trkpt>
  <trkpt lat="50.44402816" lon="14.13983528"><ele>235.037</ele><time>2026-09-27T08:32:02Z</time><speed>27.850</speed><sat>33</sat></trkpt>
  <trkpt lat="50.44410477" lon="14.13945600"><ele>236.051</ele><time>2026-09-27T08:32:03Z</time><speed>28.110</speed><sat>33</sat></trkpt>
  <trkpt lat="50.44418327" lon="14.13907389"><ele>237.105</ele><time>2026-09-27T08:32:04Z</time><speed>28.370</speed><sat>33</sat></trkpt>
  <trkpt lat="50.44426318" lon="14.13869083"><ele>238.021</ele><time>2026-09-27T08:32:05Z</time><speed>28.610</speed><sat>34</sat></trkpt>
  <trkpt lat="50.44434758" lon="14.13830699"><ele>239.052</ele><time>2026-09-27T08:32:06Z</time><speed>28.700</speed><sat>33</sat></trkpt>
  <trkpt lat="50.44443291" lon="14.13792810"><ele>239.781</ele><time>2026-09-27T08:32:07Z</time><speed>28.510</speed><sat>32</sat></trkpt>
  <trkpt lat="50.44452296" lon="14.13755262"><ele>240.880</ele><time>2026-09-27T08:32:08Z</time><speed>28.350</speed><sat>34</sat></trkpt>
  <trkpt lat="50.44461040" lon="14.13717897"><ele>241.392</ele><time>2026-09-27T08:32:09Z</time><speed>28.130</speed><sat>34</sat></trkpt>
  <trkpt lat="50.44469717" lon="14.13681045"><ele>242.396</ele><time>2026-09-27T08:32:10Z</time><speed>27.910</speed><sat>34</sat></trkpt>
  <trkpt lat="50.44478743" lon="14.13644629"><ele>243.748</ele><time>2026-09-27T08:32:11Z</time><speed>27.630</speed><sat>34</sat></trkpt>
  <trkpt lat="50.44488078" lon="14.13608495"><ele>244.721</ele><time>2026-09-27T08:32:12Z</time><speed>27.580</speed><sat>34</sat></trkpt>
  <trkpt lat="50.44497497" lon="14.13572285"><ele>245.642</ele><time>2026-09-27T08:32:13Z</time><speed>27.540</speed><sat>34</sat></trkpt>
  <trkpt lat="50.44507308" lon="14.13536363"><ele>246.520</ele><time>2026-09-27T08:32:14Z</time><speed>27.700</speed><sat>34</sat></trkpt>
  <trkpt lat="50.44517300" lon="14.13500767"><ele>246.946</ele><time>2026-09-27T08:32:15Z</time><speed>27.660</speed><sat>34</sat></trkpt>
  <trkpt lat="50.44527153" lon="14.13465175"><ele>247.460</ele><time>2026-09-27T08:32:16Z</time><speed>27.620</speed><sat>34</sat></trkpt>
  <trkpt lat="50.44537578" lon="14.13429519"><ele>248.311</ele><time>2026-09-27T08:32:17Z</time><speed>27.700</speed><sat>34</sat></trkpt>
  <trkpt lat="50.44548052" lon="14.13393687"><ele>249.242</ele><time>2026-09-27T08:32:18Z</time><speed>27.830</speed><sat>34</sat></trkpt>
  <trkpt lat="50.44558752" lon="14.13357650"><ele>249.950</ele><time>2026-09-27T08:32:19Z</time><speed>28.080</speed><sat>34</sat></trkpt>
  <trkpt lat="50.44569803" lon="14.13321686"><ele>250.608</ele><time>2026-09-27T08:32:20Z</time><speed>28.360</speed><sat>34</sat></trkpt>
  <trkpt lat="50.44581001" lon="14.13285226"><ele>251.683</ele><time>2026-09-27T08:32:21Z</time><speed>28.630</speed><sat>34</sat></trkpt>
  <trkpt lat="50.44592271" lon="14.13248870"><ele>252.347</ele><time>2026-09-27T08:32:22Z</time><speed>28.840</speed><sat>34</sat></trkpt>
  <trkpt lat="50.44603822" lon="14.13212464"><ele>252.955</ele><time>2026-09-27T08:32:23Z</time><speed>28.900</speed><sat>34</sat></trkpt>
  <trkpt lat="50.44615700" lon="14.13176235"><ele>253.778</ele><time>2026-09-27T08:32:24Z</time><speed>28.850</speed><sat>34</sat></trkpt>
  <trkpt lat="50.44627978" lon="14.13140478"><ele>254.525</ele><time>2026-09-27T08:32:25Z</time><speed>28.790</speed><sat>34</sat></trkpt>
  <trkpt lat="50.44640347" lon="14.13104859"><ele>255.276</ele><time>2026-09-27T08:32:26Z</time><speed>28.730</speed><sat>34</sat></trkpt>
  <trkpt lat="50.44652969" lon="14.13069534"><ele>256.057</ele><time>2026-09-27T08:32:27Z</time><speed>28.690</speed><sat>34</sat></trkpt>
  <trkpt lat="50.44665831" lon="14.13034000"><ele>256.780</ele><time>2026-09-27T08:32:28Z</time><speed>28.740</speed><sat>34</sat></trkpt>
  <trkpt lat="50.44679009" lon="14.12998924"><ele>257.400</ele><time>2026-09-27T08:32:29Z</time><speed>28.850</speed><sat>34</sat></trkpt>
  <trkpt lat="50.44692164" lon="14.12963489"><ele>258.092</ele><time>2026-09-27T08:32:30Z</time><speed>28.970</speed><sat>34</sat></trkpt>
  <trkpt lat="50.44705479" lon="14.12927687"><ele>258.570</ele><time>2026-09-27T08:32:31Z</time><speed>29.150</speed><sat>34</sat></trkpt>
  <trkpt lat="50.44719069" lon="14.12892308"><ele>259.219</ele><time>2026-09-27T08:32:32Z</time><speed>29.320</speed><sat>34</sat></trkpt>
  <trkpt lat="50.44733172" lon="14.12857148"><ele>259.804</ele><time>2026-09-27T08:32:33Z</time><speed>29.510</speed><sat>34</sat></trkpt>
  <trkpt lat="50.44747466" lon="14.12821753"><ele>260.520</ele><time>2026-09-27T08:32:34Z</time><speed>29.680</speed><sat>34</sat></trkpt>
  <trkpt lat="50.44761877" lon="14.12786404"><ele>261.037</ele><time>2026-09-27T08:32:35Z</time><speed>29.860</speed><sat>35</sat></trkpt>
  <trkpt lat="50.44776699" lon="14.12751345"><ele>261.698</ele><time>2026-09-27T08:32:36Z</time><speed>29.800</speed><sat>34</sat></trkpt>
  <trkpt lat="50.44791537" lon="14.12716658"><ele>262.214</ele><time>2026-09-27T08:32:37Z</time><speed>29.600</speed><sat>34</sat></trkpt>
  <trkpt lat="50.44806514" lon="14.12682450"><ele>262.623</ele><time>2026-09-27T08:32:38Z</time><speed>29.430</speed><sat>35</sat></trkpt>
  <trkpt lat="50.44821255" lon="14.12648441"><ele>263.154</ele><time>2026-09-27T08:32:39Z</time><speed>29.260</speed><sat>36</sat></trkpt>
  <trkpt lat="50.44836027" lon="14.12614841"><ele>263.369</ele><time>2026-09-27T08:32:40Z</time><speed>29.070</speed><sat>36</sat></trkpt>
  <trkpt lat="50.44850787" lon="14.12581024"><ele>263.637</ele><time>2026-09-27T08:32:41Z</time><speed>29.090</speed><sat>35</sat></trkpt>
  <trkpt lat="50.44866215" lon="14.12548801"><ele>264.231</ele><time>2026-09-27T08:32:42Z</time><speed>28.690</speed><sat>35</sat></trkpt>
  <trkpt lat="50.44881448" lon="14.12516799"><ele>264.754</ele><time>2026-09-27T08:32:43Z</time><speed>28.690</speed><sat>36</sat></trkpt>
  <trkpt lat="50.44896836" lon="14.12484512"><ele>265.309</ele><time>2026-09-27T08:32:44Z</time><speed>28.820</speed><sat>36</sat></trkpt>
  <trkpt lat="50.44912680" lon="14.12452006"><ele>265.782</ele><time>2026-09-27T08:32:45Z</time><speed>29.100</speed><sat>36</sat></trkpt>
  <trkpt lat="50.44928957" lon="14.12418853"><ele>266.521</ele><time>2026-09-27T08:32:46Z</time><speed>29.360</speed><sat>36</sat></trkpt>
  <trkpt lat="50.44945306" lon="14.12386422"><ele>266.824</ele><time>2026-09-27T08:32:47Z</time><speed>29.450</speed><sat>35</sat></trkpt>
  <trkpt lat="50.44961729" lon="14.12353840"><ele>267.339</ele><time>2026-09-27T08:32:48Z</time><speed>29.320</speed><sat>36</sat></trkpt>
  <trkpt lat="50.44978248" lon="14.12321873"><ele>267.638</ele><time>2026-09-27T08:32:49Z</time><speed>29.140</speed><sat>37</sat></trkpt>
  <trkpt lat="50.44994937" lon="14.12291363"><ele>268.248</ele><time>2026-09-27T08:32:50Z</time><speed>28.730</speed><sat>37</sat></trkpt>
  <trkpt lat="50.45011506" lon="14.12260961"><ele>268.554</ele><time>2026-09-27T08:32:51Z</time><speed>28.210</speed><sat>37</sat></trkpt>
  <trkpt lat="50.45027906" lon="14.12231443"><ele>269.229</ele><time>2026-09-27T08:32:52Z</time><speed>27.680</speed><sat>37</sat></trkpt>
  <trkpt lat="50.45043888" lon="14.12202606"><ele>269.609</ele><time>2026-09-27T08:32:53Z</time><speed>27.140</speed><sat>37</sat></trkpt>
  <trkpt lat="50.45059920" lon="14.12174856"><ele>269.997</ele><time>2026-09-27T08:32:54Z</time><speed>26.610</speed><sat>37</sat></trkpt>
  <trkpt lat="50.45075929" lon="14.12147663"><ele>270.426</ele><time>2026-09-27T08:32:55Z</time><speed>26.150</speed><sat>36</sat></trkpt>
  <trkpt lat="50.45091744" lon="14.12121348"><ele>270.702</ele><time>2026-09-27T08:32:56Z</time><speed>25.720</speed><sat>35</sat></trkpt>
  <trkpt lat="50.45107291" lon="14.12095598"><ele>270.989</ele><time>2026-09-27T08:32:57Z</time><speed>25.260</speed><sat>34</sat></trkpt>
  <trkpt lat="50.45122753" lon="14.12070113"><ele>271.164</ele><time>2026-09-27T08:32:58Z</time><speed>24.950</speed><sat>35</sat></trkpt>
  <trkpt lat="50.45138245" lon="14.12044996"><ele>271.303</ele><time>2026-09-27T08:32:59Z</time><speed>24.760</speed><sat>35</sat></trkpt>
  <trkpt lat="50.45153758" lon="14.12020075"><ele>271.198</ele><time>2026-09-27T08:33:00Z</time><speed>24.630</speed><sat>35</sat></trkpt>
  <trkpt lat="50.45169470" lon="14.11995628"><ele>271.268</ele><time>2026-09-27T08:33:01Z</time><speed>24.650</speed><sat>34</sat></trkpt>
  <trkpt lat="50.45185172" lon="14.11970883"><ele>271.277</ele><time>2026-09-27T08:33:02Z</time><speed>24.670</speed><sat>34</sat></trkpt>
  <trkpt lat="50.45200780" lon="14.11946419"><ele>271.555</ele><time>2026-09-27T08:33:03Z</time><speed>24.630</speed><sat>35</sat></trkpt>
  <trkpt lat="50.45216302" lon="14.11921793"><ele>271.741</ele><time>2026-09-27T08:33:04Z</time><speed>24.580</speed><sat>33</sat></trkpt>
  <trkpt lat="50.45231923" lon="14.11897439"><ele>271.885</ele><time>2026-09-27T08:33:05Z</time><speed>24.510</speed><sat>32</sat></trkpt>
  <trkpt lat="50.45248062" lon="14.11873785"><ele>271.948</ele><time>2026-09-27T08:33:06Z</time><speed>24.640</speed><sat>30</sat></trkpt>
  <trkpt lat="50.45264707" lon="14.11849684"><ele>272.118</ele><time>2026-09-27T08:33:07Z</time><speed>24.950</speed><sat>29</sat></trkpt>
  <trkpt lat="50.45281472" lon="14.11825196"><ele>272.239</ele><time>2026-09-27T08:33:08Z</time><speed>25.340</speed><sat>27</sat></trkpt>
  <trkpt lat="50.45298838" lon="14.11801313"><ele>272.002</ele><time>2026-09-27T08:33:09Z</time><speed>25.740</speed><sat>27</sat></trkpt>
  <trkpt lat="50.45316234" lon="14.11776447"><ele>272.331</ele><time>2026-09-27T08:33:10Z</time><speed>25.930</speed><sat>28</sat></trkpt>
  <trkpt lat="50.45333675" lon="14.11752249"><ele>272.225</ele><time>2026-09-27T08:33:11Z</time><speed>25.870</speed><sat>28</sat></trkpt>
  <trkpt lat="50.45350908" lon="14.11728675"><ele>271.983</ele><time>2026-09-27T08:33:12Z</time><speed>25.440</speed><sat>29</sat></trkpt>
  <trkpt lat="50.45367521" lon="14.11705922"><ele>271.870</ele><time>2026-09-27T08:33:13Z</time><speed>24.540</speed><sat>29</sat></trkpt>
  <trkpt lat="50.45383680" lon="14.11684531"><ele>271.909</ele><time>2026-09-27T08:33:14Z</time><speed>23.700</speed><sat>29</sat></trkpt>
  <trkpt lat="50.45399587" lon="14.11663654"><ele>271.324</ele><time>2026-09-27T08:33:15Z</time><speed>23.240</speed><sat>29</sat></trkpt>
  <trkpt lat="50.45415311" lon="14.11643329"><ele>270.923</ele><time>2026-09-27T08:33:16Z</time><speed>22.960</speed><sat>29</sat></trkpt>
  <trkpt lat="50.45430837" lon="14.11623880"><ele>270.714</ele><time>2026-09-27T08:33:17Z</time><speed>22.320</speed><sat>28</sat></trkpt>
  <trkpt lat="50.45445655" lon="14.11605312"><ele>270.494</ele><time>2026-09-27T08:33:18Z</time><speed>21.500</speed><sat>29</sat></trkpt>
  <trkpt lat="50.45460665" lon="14.11587873"><ele>270.466</ele><time>2026-09-27T08:33:19Z</time><speed>20.960</speed><sat>29</sat></trkpt>
  <trkpt lat="50.45475629" lon="14.11570901"><ele>270.364</ele><time>2026-09-27T08:33:20Z</time><speed>20.560</speed><sat>29</sat></trkpt>
  <trkpt lat="50.45490331" lon="14.11554103"><ele>270.035</ele><time>2026-09-27T08:33:21Z</time><speed>20.160</speed><sat>29</sat></trkpt>
  <trkpt lat="50.45504793" lon="14.11537339"><ele>269.865</ele><time>2026-09-27T08:33:22Z</time><speed>19.870</speed><sat>29</sat></trkpt>
  <trkpt lat="50.45519031" lon="14.11520808"><ele>269.775</ele><time>2026-09-27T08:33:23Z</time><speed>19.650</speed><sat>29</sat></trkpt>
  <trkpt lat="50.45533063" lon="14.11504569"><ele>269.404</ele><time>2026-09-27T08:33:24Z</time><speed>19.590</speed><sat>29</sat></trkpt>
  <trkpt lat="50.45547237" lon="14.11488179"><ele>269.310</ele><time>2026-09-27T08:33:25Z</time><speed>19.580</speed><sat>29</sat></trkpt>
  <trkpt lat="50.45561235" lon="14.11471733"><ele>268.960</ele><time>2026-09-27T08:33:26Z</time><speed>19.570</speed><sat>29</sat></trkpt>
  <trkpt lat="50.45575556" lon="14.11455674"><ele>268.690</ele><time>2026-09-27T08:33:27Z</time><speed>19.520</speed><sat>29</sat></trkpt>
  <trkpt lat="50.45589991" lon="14.11439655"><ele>268.456</ele><time>2026-09-27T08:33:28Z</time><speed>19.460</speed><sat>29</sat></trkpt>
  <trkpt lat="50.45604529" lon="14.11424131"><ele>268.305</ele><time>2026-09-27T08:33:29Z</time><speed>19.540</speed><sat>29</sat></trkpt>
  <trkpt lat="50.45619540" lon="14.11408027"><ele>268.166</ele><time>2026-09-27T08:33:30Z</time><speed>19.810</speed><sat>29</sat></trkpt>
  <trkpt lat="50.45634644" lon="14.11392210"><ele>268.204</ele><time>2026-09-27T08:33:31Z</time><speed>20.150</speed><sat>29</sat></trkpt>
  <trkpt lat="50.45650000" lon="14.11375604"><ele>268.259</ele><time>2026-09-27T08:33:32Z</time><speed>20.470</speed><sat>29</sat></trkpt>
  <trkpt lat="50.45665777" lon="14.11359064"><ele>268.231</ele><time>2026-09-27T08:33:33Z</time><speed>21.070</speed><sat>29</sat></trkpt>
  <trkpt lat="50.45681936" lon="14.11342206"><ele>268.098</ele><time>2026-09-27T08:33:34Z</time><speed>21.510</speed><sat>29</sat></trkpt>
  <trkpt lat="50.45698399" lon="14.11326274"><ele>267.968</ele><time>2026-09-27T08:33:35Z</time><speed>21.570</speed><sat>29</sat></trkpt>
  <trkpt lat="50.45714775" lon="14.11310140"><ele>267.717</ele><time>2026-09-27T08:33:36Z</time><speed>21.540</speed><sat>30</sat></trkpt>
  <trkpt lat="50.45731072" lon="14.11294040"><ele>267.366</ele><time>2026-09-27T08:33:37Z</time><speed>21.470</speed><sat>31</sat></trkpt>
  <trkpt lat="50.45747550" lon="14.11278253"><ele>266.994</ele><time>2026-09-27T08:33:38Z</time><speed>21.460</speed><sat>31</sat></trkpt>
  <trkpt lat="50.45764066" lon="14.11262574"><ele>267.014</ele><time>2026-09-27T08:33:39Z</time><speed>21.390</speed><sat>31</sat></trkpt>
  <trkpt lat="50.45780269" lon="14.11247068"><ele>266.835</ele><time>2026-09-27T08:33:40Z</time><speed>21.240</speed><sat>31</sat></trkpt>
  <trkpt lat="50.45796349" lon="14.11232175"><ele>266.589</ele><time>2026-09-27T08:33:41Z</time><speed>21.090</speed><sat>31</sat></trkpt>
  <trkpt lat="50.45812841" lon="14.11217421"><ele>266.701</ele><time>2026-09-27T08:33:42Z</time><speed>21.010</speed><sat>31</sat></trkpt>
  <trkpt lat="50.45829201" lon="14.11202405"><ele>266.641</ele><time>2026-09-27T08:33:43Z</time><speed>21.020</speed><sat>31</sat></trkpt>
  <trkpt lat="50.45845896" lon="14.11187727"><ele>266.716</ele><time>2026-09-27T08:33:44Z</time><speed>21.090</speed><sat>31</sat></trkpt>
  <trkpt lat="50.45862752" lon="14.11172904"><ele>266.324</ele><time>2026-09-27T08:33:45Z</time><speed>21.210</speed><sat>29</sat></trkpt>
  <trkpt lat="50.45879548" lon="14.11158130"><ele>266.001</ele><time>2026-09-27T08:33:46Z</time><speed>21.420</speed><sat>29</sat></trkpt>
  <trkpt lat="50.45896619" lon="14.11143342"><ele>265.780</ele><time>2026-09-27T08:33:47Z</time><speed>21.500</speed><sat>29</sat></trkpt>
  <trkpt lat="50.45913785" lon="14.11129047"><ele>265.266</ele><time>2026-09-27T08:33:48Z</time><speed>21.610</speed><sat>30</sat></trkpt>
  <trkpt lat="50.45931312" lon="14.11114767"><ele>264.953</ele><time>2026-09-27T08:33:49Z</time><speed>21.800</speed><sat>30</sat></trkpt>
  <trkpt lat="50.45948453" lon="14.11100516"><ele>264.963</ele><time>2026-09-27T08:33:50Z</time><speed>21.750</speed><sat>30</sat></trkpt>
  <trkpt lat="50.45965927" lon="14.11086309"><ele>264.699</ele><time>2026-09-27T08:33:51Z</time><speed>21.960</speed><sat>29</sat></trkpt>
  <trkpt lat="50.45983562" lon="14.11072234"><ele>264.455</ele><time>2026-09-27T08:33:52Z</time><speed>21.900</speed><sat>29</sat></trkpt>
  <trkpt lat="50.46001255" lon="14.11058714"><ele>264.280</ele><time>2026-09-27T08:33:53Z</time><speed>22.020</speed><sat>28</sat></trkpt>
  <trkpt lat="50.46019081" lon="14.11044859"><ele>264.033</ele><time>2026-09-27T08:33:54Z</time><speed>22.030</speed><sat>28</sat></trkpt>
  <trkpt lat="50.46036997" lon="14.11031179"><ele>263.967</ele><time>2026-09-27T08:33:55Z</time><speed>22.090</speed><sat>25</sat></trkpt>
  <trkpt lat="50.46054935" lon="14.11017573"><ele>264.003</ele><time>2026-09-27T08:33:56Z</time><speed>22.130</speed><sat>28</sat></trkpt>
  <trkpt lat="50.46072900" lon="14.11004238"><ele>263.572</ele><time>2026-09-27T08:33:57Z</time><speed>22.230</speed><sat>29</sat></trkpt>
  <trkpt lat="50.46090852" lon="14.10991385"><ele>263.240</ele><time>2026-09-27T08:33:58Z</time><speed>22.320</speed><sat>29</sat></trkpt>
  <trkpt lat="50.46109199" lon="14.10977744"><ele>263.192</ele><time>2026-09-27T08:33:59Z</time><speed>22.410</speed><sat>29</sat></trkpt>
  <trkpt lat="50.46127312" lon="14.10965107"><ele>262.935</ele><time>2026-09-27T08:34:00Z</time><speed>22.350</speed><sat>29</sat></trkpt>
  <trkpt lat="50.46145592" lon="14.10951874"><ele>262.749</ele><time>2026-09-27T08:34:01Z</time><speed>22.290</speed><sat>29</sat></trkpt>
  <trkpt lat="50.46163890" lon="14.10938960"><ele>262.483</ele><time>2026-09-27T08:34:02Z</time><speed>22.330</speed><sat>29</sat></trkpt>
  <trkpt lat="50.46182000" lon="14.10926318"><ele>261.934</ele><time>2026-09-27T08:34:03Z</time><speed>22.320</speed><sat>29</sat></trkpt>
  <trkpt lat="50.46200443" lon="14.10913376"><ele>261.590</ele><time>2026-09-27T08:34:04Z</time><speed>22.410</speed><sat>30</sat></trkpt>
  <trkpt lat="50.46218920" lon="14.10900093"><ele>261.368</ele><time>2026-09-27T08:34:05Z</time><speed>22.540</speed><sat>30</sat></trkpt>
  <trkpt lat="50.46237371" lon="14.10887305"><ele>260.969</ele><time>2026-09-27T08:34:06Z</time><speed>22.580</speed><sat>30</sat></trkpt>
  <trkpt lat="50.46255858" lon="14.10874524"><ele>260.781</ele><time>2026-09-27T08:34:07Z</time><speed>22.530</speed><sat>29</sat></trkpt>
  <trkpt lat="50.46273965" lon="14.10861272"><ele>260.451</ele><time>2026-09-27T08:34:08Z</time><speed>22.430</speed><sat>30</sat></trkpt>
  <trkpt lat="50.46292489" lon="14.10848304"><ele>260.242</ele><time>2026-09-27T08:34:09Z</time><speed>22.340</speed><sat>31</sat></trkpt>
  <trkpt lat="50.46404892" lon="14.10767545"><ele>258.071</ele><time>2026-09-27T08:34:15Z</time><speed>23.460</speed><sat>30</sat></trkpt>
  <trkpt lat="50.46423749" lon="14.10753256"><ele>257.420</ele><time>2026-09-27T08:34:16Z</time><speed>23.430</speed><sat>29</sat></trkpt>
  <trkpt lat="50.46442726" lon="14.10739050"><ele>257.036</ele><time>2026-09-27T08:34:17Z</time><speed>23.480</speed><sat>29</sat></trkpt>
  <trkpt lat="50.46461793" lon="14.10724337"><ele>256.681</ele><time>2026-09-27T08:34:18Z</time><speed>23.610</speed><sat>29</sat></trkpt>
  <trkpt lat="50.46480381" lon="14.10709490"><ele>256.127</ele><time>2026-09-27T08:34:19Z</time><speed>23.710</speed><sat>29</sat></trkpt>
  <trkpt lat="50.46499202" lon="14.10694328"><ele>255.715</ele><time>2026-09-27T08:34:20Z</time><speed>23.740</speed><sat>28</sat></trkpt>
  <trkpt lat="50.46518018" lon="14.10678483"><ele>255.551</ele><time>2026-09-27T08:34:21Z</time><speed>23.730</speed><sat>28</sat></trkpt>
  <trkpt lat="50.46536786" lon="14.10662545"><ele>255.382</ele><time>2026-09-27T08:34:22Z</time><speed>23.690</speed><sat>27</sat></trkpt>
  <trkpt lat="50.46555549" lon="14.10646322"><ele>255.265</ele><time>2026-09-27T08:34:23Z</time><speed>23.680</speed><sat>28</sat></trkpt>
  <trkpt lat="50.46573735" lon="14.10629418"><ele>254.840</ele><time>2026-09-27T08:34:24Z</time><speed>23.610</speed><sat>28</sat></trkpt>
  <trkpt lat="50.46592252" lon="14.10612867"><ele>254.863</ele><time>2026-09-27T08:34:25Z</time><speed>23.540</speed><sat>28</sat></trkpt>
  <trkpt lat="50.46610360" lon="14.10596343"><ele>254.642</ele><time>2026-09-27T08:34:26Z</time><speed>23.470</speed><sat>28</sat></trkpt>
  <trkpt lat="50.46628516" lon="14.10578968"><ele>254.729</ele><time>2026-09-27T08:34:27Z</time><speed>23.380</speed><sat>30</sat></trkpt>
  <trkpt lat="50.46645944" lon="14.10561291"><ele>254.530</ele><time>2026-09-27T08:34:28Z</time><speed>23.320</speed><sat>32</sat></trkpt>
  <trkpt lat="50.46663373" lon="14.10543098"><ele>254.217</ele><time>2026-09-27T08:34:29Z</time><speed>23.190</speed><sat>35</sat></trkpt>
  <trkpt lat="50.46680856" lon="14.10524669"><ele>254.290</ele><time>2026-09-27T08:34:30Z</time><speed>23.260</speed><sat>35</sat></trkpt>
  <trkpt lat="50.46697894" lon="14.10506198"><ele>253.939</ele><time>2026-09-27T08:34:31Z</time><speed>23.060</speed><sat>35</sat></trkpt>
  <trkpt lat="50.46715062" lon="14.10487424"><ele>253.915</ele><time>2026-09-27T08:34:32Z</time><speed>23.110</speed><sat>35</sat></trkpt>
  <trkpt lat="50.46731717" lon="14.10468461"><ele>253.918</ele><time>2026-09-27T08:34:33Z</time><speed>23.080</speed><sat>35</sat></trkpt>
  <trkpt lat="50.46748760" lon="14.10449025"><ele>254.062</ele><time>2026-09-27T08:34:34Z</time><speed>22.950</speed><sat>35</sat></trkpt>
  <trkpt lat="50.46765447" lon="14.10429371"><ele>254.272</ele><time>2026-09-27T08:34:35Z</time><speed>22.870</speed><sat>35</sat></trkpt>
  <trkpt lat="50.46781676" lon="14.10409532"><ele>254.166</ele><time>2026-09-27T08:34:36Z</time><speed>22.770</speed><sat>34</sat></trkpt>
  <trkpt lat="50.46797807" lon="14.10389677"><ele>254.164</ele><time>2026-09-27T08:34:37Z</time><speed>22.630</speed><sat>34</sat></trkpt>
  <trkpt lat="50.46813688" lon="14.10369937"><ele>254.212</ele><time>2026-09-27T08:34:38Z</time><speed>22.530</speed><sat>35</sat></trkpt>
  <trkpt lat="50.46829195" lon="14.10349502"><ele>254.171</ele><time>2026-09-27T08:34:39Z</time><speed>22.560</speed><sat>35</sat></trkpt>
  <trkpt lat="50.46844672" lon="14.10329012"><ele>254.160</ele><time>2026-09-27T08:34:40Z</time><speed>22.640</speed><sat>35</sat></trkpt>
  <trkpt lat="50.46860087" lon="14.10308002"><ele>254.223</ele><time>2026-09-27T08:34:41Z</time><speed>22.760</speed><sat>35</sat></trkpt>
  <trkpt lat="50.46875150" lon="14.10286315"><ele>254.279</ele><time>2026-09-27T08:34:42Z</time><speed>22.920</speed><sat>35</sat></trkpt>
  <trkpt lat="50.46890390" lon="14.10264747"><ele>254.067</ele><time>2026-09-27T08:34:43Z</time><speed>22.900</speed><sat>35</sat></trkpt>
  <trkpt lat="50.46905422" lon="14.10242946"><ele>254.129</ele><time>2026-09-27T08:34:44Z</time><speed>22.850</speed><sat>35</sat></trkpt>
  <trkpt lat="50.46920173" lon="14.10220651"><ele>254.170</ele><time>2026-09-27T08:34:45Z</time><speed>22.830</speed><sat>35</sat></trkpt>
  <trkpt lat="50.46934835" lon="14.10198154"><ele>254.286</ele><time>2026-09-27T08:34:46Z</time><speed>22.780</speed><sat>35</sat></trkpt>
  <trkpt lat="50.46949526" lon="14.10175864"><ele>254.499</ele><time>2026-09-27T08:34:47Z</time><speed>22.750</speed><sat>35</sat></trkpt>
  <trkpt lat="50.46963814" lon="14.10153001"><ele>254.626</ele><time>2026-09-27T08:34:48Z</time><speed>22.790</speed><sat>35</sat></trkpt>
  <trkpt lat="50.46977875" lon="14.10129714"><ele>254.730</ele><time>2026-09-27T08:34:49Z</time><speed>22.800</speed><sat>35</sat></trkpt>
  <trkpt lat="50.46991934" lon="14.10106186"><ele>254.781</ele><time>2026-09-27T08:34:50Z</time><speed>22.810</speed><sat>35</sat></trkpt>
  <trkpt lat="50.47005621" lon="14.10082440"><ele>255.133</ele><time>2026-09-27T08:34:51Z</time><speed>22.840</speed><sat>35</sat></trkpt>
  <trkpt lat="50.47019365" lon="14.10058539"><ele>255.186</ele><time>2026-09-27T08:34:52Z</time><speed>22.800</speed><sat>35</sat></trkpt>
  <trkpt lat="50.47032759" lon="14.10034484"><ele>255.211</ele><time>2026-09-27T08:34:53Z</time><speed>22.750</speed><sat>35</sat></trkpt>
  <trkpt lat="50.47045913" lon="14.10010256"><ele>255.487</ele><time>2026-09-27T08:34:54Z</time><speed>22.780</speed><sat>35</sat></trkpt>
  <trkpt lat="50.47058930" lon="14.09985354"><ele>255.589</ele><time>2026-09-27T08:34:55Z</time><speed>22.800</speed><sat>35</sat></trkpt>
  <trkpt lat="50.47072083" lon="14.09960378"><ele>255.803</ele><time>2026-09-27T08:34:56Z</time><speed>22.860</speed><sat>34</sat></trkpt>
  <trkpt lat="50.47085017" lon="14.09935367"><ele>255.912</ele><time>2026-09-27T08:34:57Z</time><speed>22.800</speed><sat>34</sat></trkpt>
  <trkpt lat="50.47097836" lon="14.09909770"><ele>256.211</ele><time>2026-09-27T08:34:58Z</time><speed>22.850</speed><sat>33</sat></trkpt>
  <trkpt lat="50.47110447" lon="14.09884596"><ele>256.304</ele><time>2026-09-27T08:34:59Z</time><speed>22.840</speed><sat>34</sat></trkpt>
  <trkpt lat="50.47123120" lon="14.09859857"><ele>256.359</ele><time>2026-09-27T08:35:00Z</time><speed>22.850</speed><sat>34</sat></trkpt>
  <trkpt lat="50.47135765" lon="14.09834678"><ele>256.605</ele><time>2026-09-27T08:35:01Z</time><speed>22.840</speed><sat>35</sat></trkpt>
  <trkpt lat="50.47148424" lon="14.09809242"><ele>256.969</ele><time>2026-09-27T08:35:02Z</time><speed>22.890</speed><sat>35</sat></trkpt>
  <trkpt lat="50.47161174" lon="14.09783462"><ele>257.241</ele><time>2026-09-27T08:35:03Z</time><speed>23.050</speed><sat>35</sat></trkpt>
  <trkpt lat="50.47173748" lon="14.09757229"><ele>257.278</ele><time>2026-09-27T08:35:04Z</time><speed>23.180</speed><sat>34</sat></trkpt>
  <trkpt lat="50.47186202" lon="14.09731046"><ele>257.527</ele><time>2026-09-27T08:35:05Z</time><speed>23.230</speed><sat>34</sat></trkpt>
  <trkpt lat="50.47199052" lon="14.09704678"><ele>257.765</ele><time>2026-09-27T08:35:06Z</time><speed>23.290</speed><sat>34</sat></trkpt>
  <trkpt lat="50.47211605" lon="14.09678349"><ele>258.019</ele><time>2026-09-27T08:35:07Z</time><speed>23.290</speed><sat>33</sat></trkpt>
  <trkpt lat="50.47224046" lon="14.09651747"><ele>258.206</ele><time>2026-09-27T08:35:08Z</time><speed>23.290</speed><sat>32</sat></trkpt>
  <trkpt lat="50.47236648" lon="14.09625335"><ele>258.508</ele><time>2026-09-27T08:35:09Z</time><speed>23.250</speed><sat>30</sat></trkpt>
  <trkpt lat="50.47249560" lon="14.09599763"><ele>258.479</ele><time>2026-09-27T08:35:10Z</time><speed>23.270</speed><sat>30</sat></trkpt>
  <trkpt lat="50.47262373" lon="14.09574228"><ele>258.459</ele><time>2026-09-27T08:35:11Z</time><speed>23.220</speed><sat>30</sat></trkpt>
  <trkpt lat="50.47275002" lon="14.09547651"><ele>258.676</ele><time>2026-09-27T08:35:12Z</time><speed>23.180</speed><sat>29</sat></trkpt>
  <trkpt lat="50.47287416" lon="14.09521655"><ele>258.954</ele><time>2026-09-27T08:35:13Z</time><speed>23.150</speed><sat>28</sat></trkpt>
  <trkpt lat="50.47299824" lon="14.09495797"><ele>259.097</ele><time>2026-09-27T08:35:14Z</time><speed>23.150</speed><sat>28</sat></trkpt>
  <trkpt lat="50.47312295" lon="14.09470006"><ele>259.534</ele><time>2026-09-27T08:35:15Z</time><speed>23.150</speed><sat>31</sat></trkpt>
  <trkpt lat="50.47325246" lon="14.09444623"><ele>259.502</ele><time>2026-09-27T08:35:16Z</time><speed>23.150</speed><sat>31</sat></trkpt>
  <trkpt lat="50.47338237" lon="14.09418539"><ele>259.825</ele><time>2026-09-27T08:35:17Z</time><speed>23.190</speed><sat>32</sat></trkpt>
  <trkpt lat="50.47351479" lon="14.09392959"><ele>259.972</ele><time>2026-09-27T08:35:18Z</time><speed>23.150</speed><sat>32</sat></trkpt>
  <trkpt lat="50.47364323" lon="14.09367247"><ele>259.947</ele><time>2026-09-27T08:35:19Z</time><speed>23.150</speed><sat>33</sat></trkpt>
  <trkpt lat="50.47377377" lon="14.09341897"><ele>259.968</ele><time>2026-09-27T08:35:20Z</time><speed>23.050</speed><sat>33</sat></trkpt>
  <trkpt lat="50.47390329" lon="14.09317230"><ele>259.968</ele><time>2026-09-27T08:35:21Z</time><speed>22.800</speed><sat>33</sat></trkpt>
  <trkpt lat="50.47403830" lon="14.09292406"><ele>259.963</ele><time>2026-09-27T08:35:22Z</time><speed>22.760</speed><sat>33</sat></trkpt>
  <trkpt lat="50.47416938" lon="14.09267728"><ele>260.126</ele><time>2026-09-27T08:35:23Z</time><speed>22.810</speed><sat>33</sat></trkpt>
  <trkpt lat="50.47430051" lon="14.09243503"><ele>260.532</ele><time>2026-09-27T08:35:24Z</time><speed>22.790</speed><sat>33</sat></trkpt>
  <trkpt lat="50.47443371" lon="14.09219098"><ele>260.528</ele><time>2026-09-27T08:35:25Z</time><speed>22.660</speed><sat>33</sat></trkpt>
  <trkpt lat="50.47456589" lon="14.09194718"><ele>260.503</ele><time>2026-09-27T08:35:26Z</time><speed>22.650</speed><sat>34</sat></trkpt>
  <trkpt lat="50.47470061" lon="14.09170847"><ele>260.527</ele><time>2026-09-27T08:35:27Z</time><speed>22.600</speed><sat>34</sat></trkpt>
  <trkpt lat="50.47483747" lon="14.09147347"><ele>260.418</ele><time>2026-09-27T08:35:28Z</time><speed>22.550</speed><sat>34</sat></trkpt>
  <trkpt lat="50.47497562" lon="14.09123505"><ele>260.424</ele><time>2026-09-27T08:35:29Z</time><speed>22.600</speed><sat>34</sat></trkpt>
  <trkpt lat="50.47511343" lon="14.09099785"><ele>260.229</ele><time>2026-09-27T08:35:30Z</time><speed>22.600</speed><sat>34</sat></trkpt>
  <trkpt lat="50.47525341" lon="14.09076563"><ele>259.990</ele><time>2026-09-27T08:35:31Z</time><speed>22.620</speed><sat>34</sat></trkpt>
  <trkpt lat="50.47539582" lon="14.09053731"><ele>259.813</ele><time>2026-09-27T08:35:32Z</time><speed>22.660</speed><sat>34</sat></trkpt>
  <trkpt lat="50.47553525" lon="14.09030368"><ele>259.759</ele><time>2026-09-27T08:35:33Z</time><speed>22.700</speed><sat>34</sat></trkpt>
  <trkpt lat="50.47567583" lon="14.09007170"><ele>259.509</ele><time>2026-09-27T08:35:34Z</time><speed>22.720</speed><sat>34</sat></trkpt>
  <trkpt lat="50.47581662" lon="14.08983802"><ele>259.488</ele><time>2026-09-27T08:35:35Z</time><speed>22.750</speed><sat>35</sat></trkpt>
  <trkpt lat="50.47595938" lon="14.08960638"><ele>259.288</ele><time>2026-09-27T08:35:36Z</time><speed>22.750</speed><sat>35</sat></trkpt>
  <trkpt lat="50.47610133" lon="14.08937720"><ele>259.154</ele><time>2026-09-27T08:35:37Z</time><speed>22.800</speed><sat>35</sat></trkpt>
  <trkpt lat="50.47624591" lon="14.08915328"><ele>258.865</ele><time>2026-09-27T08:35:38Z</time><speed>22.640</speed><sat>33</sat></trkpt>
  <trkpt lat="50.47638719" lon="14.08892955"><ele>258.659</ele><time>2026-09-27T08:35:39Z</time><speed>22.430</speed><sat>33</sat></trkpt>
  <trkpt lat="50.47652889" lon="14.08870580"><ele>258.643</ele><time>2026-09-27T08:35:40Z</time><speed>22.230</speed><sat>34</sat></trkpt>
  <trkpt lat="50.47666926" lon="14.08848396"><ele>258.260</ele><time>2026-09-27T08:35:41Z</time><speed>22.010</speed><sat>35</sat></trkpt>
  <trkpt lat="50.47681044" lon="14.08827061"><ele>257.941</ele><time>2026-09-27T08:35:42Z</time><speed>21.840</speed><sat>35</sat></trkpt>
  <trkpt lat="50.47694561" lon="14.08806251"><ele>256.926</ele><time>2026-09-27T08:35:43Z</time><speed>21.660</speed><sat>35</sat></trkpt>
  <trkpt lat="50.47708725" lon="14.08785762"><ele>256.679</ele><time>2026-09-27T08:35:44Z</time><speed>21.480</speed><sat>35</sat></trkpt>
  <trkpt lat="50.47722693" lon="14.08765533"><ele>256.301</ele><time>2026-09-27T08:35:45Z</time><speed>21.320</speed><sat>35</sat></trkpt>
  <trkpt lat="50.47736263" lon="14.08745016"><ele>255.821</ele><time>2026-09-27T08:35:46Z</time><speed>20.960</speed><sat>35</sat></trkpt>
  <trkpt lat="50.47750054" lon="14.08725493"><ele>255.665</ele><time>2026-09-27T08:35:47Z</time><speed>20.820</speed><sat>35</sat></trkpt>
  <trkpt lat="50.47764120" lon="14.08706119"><ele>255.499</ele><time>2026-09-27T08:35:48Z</time><speed>20.720</speed><sat>35</sat></trkpt>
  <trkpt lat="50.47777984" lon="14.08686713"><ele>255.273</ele><time>2026-09-27T08:35:49Z</time><speed>20.650</speed><sat>35</sat></trkpt>
  <trkpt lat="50.47791855" lon="14.08666999"><ele>255.111</ele><time>2026-09-27T08:35:50Z</time><speed>20.630</speed><sat>35</sat></trkpt>
  <trkpt lat="50.47806002" lon="14.08646910"><ele>254.941</ele><time>2026-09-27T08:35:51Z</time><speed>20.780</speed><sat>35</sat></trkpt>
  <trkpt lat="50.47820204" lon="14.08626675"><ele>254.727</ele><time>2026-09-27T08:35:52Z</time><speed>20.890</speed><sat>34</sat></trkpt>
  <trkpt lat="50.47834861" lon="14.08606545"><ele>254.418</ele><time>2026-09-27T08:35:53Z</time><speed>21.000</speed><sat>35</sat></trkpt>
  <trkpt lat="50.47849632" lon="14.08587170"><ele>254.013</ele><time>2026-09-27T08:35:54Z</time><speed>21.150</speed><sat>35</sat></trkpt>
  <trkpt lat="50.47864462" lon="14.08567334"><ele>253.852</ele><time>2026-09-27T08:35:55Z</time><speed>21.280</speed><sat>35</sat></trkpt>
  <trkpt lat="50.47879100" lon="14.08547364"><ele>253.548</ele><time>2026-09-27T08:35:56Z</time><speed>21.430</speed><sat>35</sat></trkpt>
  <trkpt lat="50.47894207" lon="14.08527304"><ele>253.393</ele><time>2026-09-27T08:35:57Z</time><speed>21.540</speed><sat>35</sat></trkpt>
  <trkpt lat="50.47909089" lon="14.08507831"><ele>253.042</ele><time>2026-09-27T08:35:58Z</time><speed>21.460</speed><sat>35</sat></trkpt>
  <trkpt lat="50.47924204" lon="14.08488867"><ele>252.879</ele><time>2026-09-27T08:35:59Z</time><speed>21.420</speed><sat>35</sat></trkpt>
  <trkpt lat="50.47939063" lon="14.08470037"><ele>252.426</ele><time>2026-09-27T08:36:00Z</time><speed>21.340</speed><sat>35</sat></trkpt>
  <trkpt lat="50.47954259" lon="14.08451331"><ele>252.169</ele><time>2026-09-27T08:36:01Z</time><speed>21.470</speed><sat>35</sat></trkpt>
  <trkpt lat="50.47969655" lon="14.08432717"><ele>251.885</ele><time>2026-09-27T08:36:02Z</time><speed>21.550</speed><sat>35</sat></trkpt>
  <trkpt lat="50.47984999" lon="14.08414133"><ele>251.587</ele><time>2026-09-27T08:36:03Z</time><speed>21.750</speed><sat>35</sat></trkpt>
  <trkpt lat="50.48000826" lon="14.08396022"><ele>251.347</ele><time>2026-09-27T08:36:04Z</time><speed>21.750</speed><sat>35</sat></trkpt>
  <trkpt lat="50.48016840" lon="14.08377919"><ele>251.090</ele><time>2026-09-27T08:36:05Z</time><speed>21.930</speed><sat>35</sat></trkpt>
  <trkpt lat="50.48032733" lon="14.08359733"><ele>250.692</ele><time>2026-09-27T08:36:06Z</time><speed>21.850</speed><sat>35</sat></trkpt>
  <trkpt lat="50.48048683" lon="14.08341558"><ele>250.284</ele><time>2026-09-27T08:36:07Z</time><speed>21.950</speed><sat>35</sat></trkpt>
  <trkpt lat="50.48064606" lon="14.08323580"><ele>249.885</ele><time>2026-09-27T08:36:08Z</time><speed>21.920</speed><sat>34</sat></trkpt>
  <trkpt lat="50.48080606" lon="14.08305513"><ele>249.510</ele><time>2026-09-27T08:36:09Z</time><speed>21.840</speed><sat>34</sat></trkpt>
  <trkpt lat="50.48096563" lon="14.08287532"><ele>249.049</ele><time>2026-09-27T08:36:10Z</time><speed>21.730</speed><sat>33</sat></trkpt>
  <trkpt lat="50.48112498" lon="14.08270241"><ele>248.517</ele><time>2026-09-27T08:36:11Z</time><speed>21.510</speed><sat>33</sat></trkpt>
  <trkpt lat="50.48128598" lon="14.08253328"><ele>248.421</ele><time>2026-09-27T08:36:12Z</time><speed>21.560</speed><sat>34</sat></trkpt>
  <trkpt lat="50.48144638" lon="14.08235661"><ele>248.121</ele><time>2026-09-27T08:36:13Z</time><speed>21.560</speed><sat>34</sat></trkpt>
  <trkpt lat="50.48160658" lon="14.08218109"><ele>247.512</ele><time>2026-09-27T08:36:14Z</time><speed>21.550</speed><sat>34</sat></trkpt>
  <trkpt lat="50.48176214" lon="14.08200253"><ele>247.147</ele><time>2026-09-27T08:36:15Z</time><speed>21.550</speed><sat>34</sat></trkpt>
  <trkpt lat="50.48192177" lon="14.08182626"><ele>246.831</ele><time>2026-09-27T08:36:16Z</time><speed>21.530</speed><sat>34</sat></trkpt>
  <trkpt lat="50.48208190" lon="14.08165742"><ele>246.637</ele><time>2026-09-27T08:36:17Z</time><speed>21.510</speed><sat>34</sat></trkpt>
  <trkpt lat="50.48224465" lon="14.08149176"><ele>246.039</ele><time>2026-09-27T08:36:18Z</time><speed>21.510</speed><sat>34</sat></trkpt>
  <trkpt lat="50.48240696" lon="14.08133044"><ele>245.946</ele><time>2026-09-27T08:36:19Z</time><speed>21.400</speed><sat>35</sat></trkpt>
  <trkpt lat="50.48257031" lon="14.08117331"><ele>245.641</ele><time>2026-09-27T08:36:20Z</time><speed>21.400</speed><sat>35</sat></trkpt>
  <trkpt lat="50.48273507" lon="14.08101409"><ele>245.300</ele><time>2026-09-27T08:36:21Z</time><speed>21.410</speed><sat>35</sat></trkpt>
  <trkpt lat="50.48290041" lon="14.08085827"><ele>245.039</ele><time>2026-09-27T08:36:22Z</time><speed>21.390</speed><sat>35</sat></trkpt>
  <trkpt lat="50.48306686" lon="14.08070931"><ele>244.683</ele><time>2026-09-27T08:36:23Z</time><speed>21.420</speed><sat>35</sat></trkpt>
  <trkpt lat="50.48323618" lon="14.08056453"><ele>244.525</ele><time>2026-09-27T08:36:24Z</time><speed>21.640</speed><sat>35</sat></trkpt>
  <trkpt lat="50.48340872" lon="14.08041339"><ele>244.098</ele><time>2026-09-27T08:36:25Z</time><speed>22.040</speed><sat>35</sat></trkpt>
  <trkpt lat="50.48358445" lon="14.08025507"><ele>243.483</ele><time>2026-09-27T08:36:26Z</time><speed>22.640</speed><sat>34</sat></trkpt>
  <trkpt lat="50.48376382" lon="14.08010359"><ele>242.918</ele><time>2026-09-27T08:36:27Z</time><speed>22.910</speed><sat>34</sat></trkpt>
  <trkpt lat="50.48394436" lon="14.07994409"><ele>242.331</ele><time>2026-09-27T08:36:28Z</time><speed>23.060</speed><sat>34</sat></trkpt>
  <trkpt lat="50.48412264" lon="14.07977843"><ele>242.079</ele><time>2026-09-27T08:36:29Z</time><speed>23.160</speed><sat>34</sat></trkpt>
  <trkpt lat="50.48430865" lon="14.07962229"><ele>241.464</ele><time>2026-09-27T08:36:30Z</time><speed>23.300</speed><sat>35</sat></trkpt>
  <trkpt lat="50.48449372" lon="14.07946493"><ele>240.950</ele><time>2026-09-27T08:36:31Z</time><speed>23.230</speed><sat>35</sat></trkpt>
  <trkpt lat="50.48468113" lon="14.07930757"><ele>240.202</ele><time>2026-09-27T08:36:32Z</time><speed>23.360</speed><sat>34</sat></trkpt>
  <trkpt lat="50.48486599" lon="14.07914963"><ele>239.696</ele><time>2026-09-27T08:36:33Z</time><speed>23.380</speed><sat>32</sat></trkpt>
  <trkpt lat="50.48505127" lon="14.07898802"><ele>239.426</ele><time>2026-09-27T08:36:34Z</time><speed>23.440</speed><sat>30</sat></trkpt>
  <trkpt lat="50.48524002" lon="14.07883578"><ele>238.881</ele><time>2026-09-27T08:36:35Z</time><speed>23.410</speed><sat>28</sat></trkpt>
  <trkpt lat="50.49067809" lon="14.07505642"><ele>227.816</ele><time>2026-09-27T08:37:04Z</time><speed>21.620</speed><sat>29</sat></trkpt>
  <trkpt lat="50.49085608" lon="14.07493269"><ele>227.721</ele><time>2026-09-27T08:37:05Z</time><speed>21.410</speed><sat>29</sat></trkpt>
  <trkpt lat="50.49103218" lon="14.07480920"><ele>227.366</ele><time>2026-09-27T08:37:06Z</time><speed>21.280</speed><sat>29</sat></trkpt>
  <trkpt lat="50.49120661" lon="14.07468945"><ele>227.026</ele><time>2026-09-27T08:37:07Z</time><speed>21.190</speed><sat>29</sat></trkpt>
  <trkpt lat="50.49138168" lon="14.07456595"><ele>226.535</ele><time>2026-09-27T08:37:08Z</time><speed>21.120</speed><sat>29</sat></trkpt>
  <trkpt lat="50.49155644" lon="14.07443865"><ele>226.177</ele><time>2026-09-27T08:37:09Z</time><speed>21.200</speed><sat>29</sat></trkpt>
  <trkpt lat="50.49173133" lon="14.07430885"><ele>226.018</ele><time>2026-09-27T08:37:10Z</time><speed>21.380</speed><sat>29</sat></trkpt>
  <trkpt lat="50.49190949" lon="14.07418458"><ele>225.223</ele><time>2026-09-27T08:37:11Z</time><speed>21.490</speed><sat>29</sat></trkpt>
  <trkpt lat="50.49208569" lon="14.07405136"><ele>224.883</ele><time>2026-09-27T08:37:12Z</time><speed>21.550</speed><sat>29</sat></trkpt>
  <trkpt lat="50.49225805" lon="14.07391640"><ele>224.307</ele><time>2026-09-27T08:37:13Z</time><speed>21.710</speed><sat>29</sat></trkpt>
  <trkpt lat="50.49243420" lon="14.07378122"><ele>224.012</ele><time>2026-09-27T08:37:14Z</time><speed>21.920</speed><sat>30</sat></trkpt>
  <trkpt lat="50.49261627" lon="14.07364502"><ele>223.334</ele><time>2026-09-27T08:37:15Z</time><speed>22.320</speed><sat>30</sat></trkpt>
  <trkpt lat="50.49279099" lon="14.07349232"><ele>222.735</ele><time>2026-09-27T08:37:16Z</time><speed>22.740</speed><sat>31</sat></trkpt>
  <trkpt lat="50.49297653" lon="14.07333596"><ele>222.412</ele><time>2026-09-27T08:37:17Z</time><speed>23.050</speed><sat>31</sat></trkpt>
  <trkpt lat="50.49316115" lon="14.07317733"><ele>222.026</ele><time>2026-09-27T08:37:18Z</time><speed>23.330</speed><sat>31</sat></trkpt>
  <trkpt lat="50.49335026" lon="14.07301504"><ele>221.968</ele><time>2026-09-27T08:37:19Z</time><speed>23.530</speed><sat>31</sat></trkpt>
  <trkpt lat="50.49353637" lon="14.07284494"><ele>221.758</ele><time>2026-09-27T08:37:20Z</time><speed>23.640</speed><sat>31</sat></trkpt>
  <trkpt lat="50.49372234" lon="14.07267034"><ele>221.338</ele><time>2026-09-27T08:37:21Z</time><speed>23.640</speed><sat>31</sat></trkpt>
  <trkpt lat="50.49390219" lon="14.07249878"><ele>220.870</ele><time>2026-09-27T08:37:22Z</time><speed>23.640</speed><sat>32</sat></trkpt>
  <trkpt lat="50.49408622" lon="14.07232726"><ele>220.820</ele><time>2026-09-27T08:37:23Z</time><speed>23.740</speed><sat>34</sat></trkpt>
  <trkpt lat="50.49426244" lon="14.07214919"><ele>220.067</ele><time>2026-09-27T08:37:24Z</time><speed>23.370</speed><sat>34</sat></trkpt>
  <trkpt lat="50.49444082" lon="14.07197433"><ele>220.095</ele><time>2026-09-27T08:37:25Z</time><speed>23.200</speed><sat>34</sat></trkpt>
  <trkpt lat="50.49461383" lon="14.07179647"><ele>219.798</ele><time>2026-09-27T08:37:26Z</time><speed>23.040</speed><sat>34</sat></trkpt>
  <trkpt lat="50.49478601" lon="14.07160928"><ele>219.954</ele><time>2026-09-27T08:37:27Z</time><speed>22.880</speed><sat>34</sat></trkpt>
  <trkpt lat="50.49495003" lon="14.07141804"><ele>219.446</ele><time>2026-09-27T08:37:28Z</time><speed>22.720</speed><sat>34</sat></trkpt>
  <trkpt lat="50.49511473" lon="14.07122958"><ele>219.257</ele><time>2026-09-27T08:37:29Z</time><speed>22.550</speed><sat>31</sat></trkpt>
  <trkpt lat="50.49527730" lon="14.07104142"><ele>219.076</ele><time>2026-09-27T08:37:30Z</time><speed>22.430</speed><sat>33</sat></trkpt>
  <trkpt lat="50.49543972" lon="14.07085302"><ele>218.457</ele><time>2026-09-27T08:37:31Z</time><speed>22.280</speed><sat>33</sat></trkpt>
  <trkpt lat="50.49559969" lon="14.07066607"><ele>217.990</ele><time>2026-09-27T08:37:32Z</time><speed>22.230</speed><sat>33</sat></trkpt>
  <trkpt lat="50.49575855" lon="14.07047880"><ele>217.721</ele><time>2026-09-27T08:37:33Z</time><speed>22.200</speed><sat>33</sat></trkpt>
  <trkpt lat="50.49591745" lon="14.07029183"><ele>217.436</ele><time>2026-09-27T08:37:34Z</time><speed>22.180</speed><sat>33</sat></trkpt>
  <trkpt lat="50.49607588" lon="14.07010247"><ele>216.779</ele><time>2026-09-27T08:37:35Z</time><speed>22.140</speed><sat>33</sat></trkpt>
  <trkpt lat="50.49623404" lon="14.06990857"><ele>216.579</ele><time>2026-09-27T08:37:36Z</time><speed>22.090</speed><sat>32</sat></trkpt>
  <trkpt lat="50.49638969" lon="14.06971581"><ele>216.193</ele><time>2026-09-27T08:37:37Z</time><speed>21.970</speed><sat>32</sat></trkpt>
  <trkpt lat="50.49654183" lon="14.06952203"><ele>215.825</ele><time>2026-09-27T08:37:38Z</time><speed>21.830</speed><sat>32</sat></trkpt>
  <trkpt lat="50.49669208" lon="14.06933003"><ele>215.613</ele><time>2026-09-27T08:37:39Z</time><speed>21.670</speed><sat>33</sat></trkpt>
  <trkpt lat="50.49684234" lon="14.06913600"><ele>215.211</ele><time>2026-09-27T08:37:40Z</time><speed>21.520</speed><sat>32</sat></trkpt>
  <trkpt lat="50.49699097" lon="14.06895118"><ele>214.866</ele><time>2026-09-27T08:37:41Z</time><speed>21.360</speed><sat>32</sat></trkpt>
  <trkpt lat="50.49713619" lon="14.06875840"><ele>214.325</ele><time>2026-09-27T08:37:42Z</time><speed>21.260</speed><sat>32</sat></trkpt>
  <trkpt lat="50.49728090" lon="14.06856182"><ele>213.784</ele><time>2026-09-27T08:37:43Z</time><speed>21.260</speed><sat>32</sat></trkpt>
  <trkpt lat="50.49742374" lon="14.06836193"><ele>213.411</ele><time>2026-09-27T08:37:44Z</time><speed>21.550</speed><sat>32</sat></trkpt>
  <trkpt lat="50.49757338" lon="14.06815673"><ele>212.920</ele><time>2026-09-27T08:37:45Z</time><speed>21.970</speed><sat>31</sat></trkpt>
  <trkpt lat="50.49772340" lon="14.06793815"><ele>212.531</ele><time>2026-09-27T08:37:46Z</time><speed>22.600</speed><sat>31</sat></trkpt>
  <trkpt lat="50.49787155" lon="14.06771299"><ele>212.403</ele><time>2026-09-27T08:37:47Z</time><speed>22.890</speed><sat>30</sat></trkpt>
  <trkpt lat="50.49801804" lon="14.06748010"><ele>212.184</ele><time>2026-09-27T08:37:48Z</time><speed>22.990</speed><sat>31</sat></trkpt>
  <trkpt lat="50.49816489" lon="14.06725845"><ele>211.896</ele><time>2026-09-27T08:37:49Z</time><speed>22.970</speed><sat>31</sat></trkpt>
  <trkpt lat="50.49831222" lon="14.06703737"><ele>211.668</ele><time>2026-09-27T08:37:50Z</time><speed>22.750</speed><sat>30</sat></trkpt>
  <trkpt lat="50.49845465" lon="14.06680876"><ele>211.245</ele><time>2026-09-27T08:37:51Z</time><speed>22.630</speed><sat>30</sat></trkpt>
  <trkpt lat="50.49859774" lon="14.06657690"><ele>211.005</ele><time>2026-09-27T08:37:52Z</time><speed>22.620</speed><sat>30</sat></trkpt>
  <trkpt lat="50.49874113" lon="14.06634761"><ele>210.620</ele><time>2026-09-27T08:37:53Z</time><speed>22.600</speed><sat>31</sat></trkpt>
  <trkpt lat="50.49888163" lon="14.06611375"><ele>210.241</ele><time>2026-09-27T08:37:54Z</time><speed>22.710</speed><sat>32</sat></trkpt>
  <trkpt lat="50.49902130" lon="14.06587857"><ele>209.851</ele><time>2026-09-27T08:37:55Z</time><speed>22.930</speed><sat>33</sat></trkpt>
  <trkpt lat="50.49915914" lon="14.06563368"><ele>209.620</ele><time>2026-09-27T08:37:56Z</time><speed>22.980</speed><sat>34</sat></trkpt>
  <trkpt lat="50.49929112" lon="14.06538981"><ele>209.101</ele><time>2026-09-27T08:37:57Z</time><speed>22.840</speed><sat>34</sat></trkpt>
  <trkpt lat="50.49942325" lon="14.06515141"><ele>208.693</ele><time>2026-09-27T08:37:58Z</time><speed>22.710</speed><sat>34</sat></trkpt>
  <trkpt lat="50.49955585" lon="14.06491684"><ele>208.431</ele><time>2026-09-27T08:37:59Z</time><speed>22.690</speed><sat>34</sat></trkpt>
  <trkpt lat="50.49968554" lon="14.06466621"><ele>208.111</ele><time>2026-09-27T08:38:00Z</time><speed>22.810</speed><sat>34</sat></trkpt>
  <trkpt lat="50.49981682" lon="14.06441175"><ele>207.920</ele><time>2026-09-27T08:38:01Z</time><speed>22.920</speed><sat>34</sat></trkpt>
  <trkpt lat="50.49994826" lon="14.06415903"><ele>207.628</ele><time>2026-09-27T08:38:02Z</time><speed>22.920</speed><sat>33</sat></trkpt>
  <trkpt lat="50.50007550" lon="14.06390390"><ele>207.400</ele><time>2026-09-27T08:38:03Z</time><speed>22.860</speed><sat>32</sat></trkpt>
  <trkpt lat="50.50020105" lon="14.06365011"><ele>206.807</ele><time>2026-09-27T08:38:04Z</time><speed>22.690</speed><sat>31</sat></trkpt>
  <trkpt lat="50.50032561" lon="14.06339333"><ele>206.623</ele><time>2026-09-27T08:38:05Z</time><speed>22.750</speed><sat>31</sat></trkpt>
  <trkpt lat="50.50044987" lon="14.06313904"><ele>206.489</ele><time>2026-09-27T08:38:06Z</time><speed>22.800</speed><sat>31</sat></trkpt>
  <trkpt lat="50.50057081" lon="14.06287867"><ele>206.321</ele><time>2026-09-27T08:38:07Z</time><speed>22.790</speed><sat>31</sat></trkpt>
  <trkpt lat="50.50069096" lon="14.06261802"><ele>206.005</ele><time>2026-09-27T08:38:08Z</time><speed>22.720</speed><sat>31</sat></trkpt>
  <trkpt lat="50.50080923" lon="14.06235571"><ele>205.864</ele><time>2026-09-27T08:38:09Z</time><speed>22.660</speed><sat>32</sat></trkpt>
  <trkpt lat="50.50092235" lon="14.06208917"><ele>205.687</ele><time>2026-09-27T08:38:10Z</time><speed>22.620</speed><sat>32</sat></trkpt>
  <trkpt lat="50.50103434" lon="14.06182462"><ele>205.770</ele><time>2026-09-27T08:38:11Z</time><speed>22.590</speed><sat>31</sat></trkpt>
  <trkpt lat="50.50114544" lon="14.06155695"><ele>205.416</ele><time>2026-09-27T08:38:12Z</time><speed>22.640</speed><sat>32</sat></trkpt>
  <trkpt lat="50.50125612" lon="14.06128460"><ele>205.093</ele><time>2026-09-27T08:38:13Z</time><speed>22.890</speed><sat>32</sat></trkpt>
  <trkpt lat="50.50136637" lon="14.06101091"><ele>204.790</ele><time>2026-09-27T08:38:14Z</time><speed>23.010</speed><sat>32</sat></trkpt>
  <trkpt lat="50.50147386" lon="14.06073267"><ele>204.614</ele><time>2026-09-27T08:38:15Z</time><speed>23.180</speed><sat>31</sat></trkpt>
  <trkpt lat="50.50158310" lon="14.06045122"><ele>204.511</ele><time>2026-09-27T08:38:16Z</time><speed>23.260</speed><sat>31</sat></trkpt>
  <trkpt lat="50.50169121" lon="14.06016720"><ele>204.264</ele><time>2026-09-27T08:38:17Z</time><speed>23.340</speed><sat>31</sat></trkpt>
  <trkpt lat="50.50179500" lon="14.05988411"><ele>204.035</ele><time>2026-09-27T08:38:18Z</time><speed>23.200</speed><sat>31</sat></trkpt>
  <trkpt lat="50.50189516" lon="14.05960454"><ele>203.923</ele><time>2026-09-27T08:38:19Z</time><speed>22.950</speed><sat>31</sat></trkpt>
  <trkpt lat="50.50199462" lon="14.05932376"><ele>203.796</ele><time>2026-09-27T08:38:20Z</time><speed>22.700</speed><sat>32</sat></trkpt>
  <trkpt lat="50.50209092" lon="14.05904414"><ele>203.640</ele><time>2026-09-27T08:38:21Z</time><speed>22.440</speed><sat>32</sat></trkpt>
  <trkpt lat="50.50218412" lon="14.05876268"><ele>203.660</ele><time>2026-09-27T08:38:22Z</time><speed>22.190</speed><sat>33</sat></trkpt>
  <trkpt lat="50.50227538" lon="14.05849048"><ele>203.461</ele><time>2026-09-27T08:38:23Z</time><speed>21.880</speed><sat>33</sat></trkpt>
  <trkpt lat="50.50236417" lon="14.05821993"><ele>203.465</ele><time>2026-09-27T08:38:24Z</time><speed>21.620</speed><sat>34</sat></trkpt>
  <trkpt lat="50.50244749" lon="14.05794960"><ele>203.596</ele><time>2026-09-27T08:38:25Z</time><speed>21.300</speed><sat>34</sat></trkpt>
  <trkpt lat="50.50253093" lon="14.05768350"><ele>203.442</ele><time>2026-09-27T08:38:26Z</time><speed>21.010</speed><sat>34</sat></trkpt>
  <trkpt lat="50.50261154" lon="14.05741970"><ele>203.679</ele><time>2026-09-27T08:38:27Z</time><speed>20.650</speed><sat>34</sat></trkpt>
  <trkpt lat="50.50269168" lon="14.05716048"><ele>203.393</ele><time>2026-09-27T08:38:28Z</time><speed>20.380</speed><sat>34</sat></trkpt>
  <trkpt lat="50.50276803" lon="14.05690544"><ele>203.523</ele><time>2026-09-27T08:38:29Z</time><speed>20.010</speed><sat>34</sat></trkpt>
  <trkpt lat="50.50284301" lon="14.05665443"><ele>203.664</ele><time>2026-09-27T08:38:30Z</time><speed>19.650</speed><sat>34</sat></trkpt>
  <trkpt lat="50.50291593" lon="14.05640500"><ele>203.624</ele><time>2026-09-27T08:38:31Z</time><speed>19.360</speed><sat>34</sat></trkpt>
  <trkpt lat="50.50298447" lon="14.05616008"><ele>203.811</ele><time>2026-09-27T08:38:32Z</time><speed>19.060</speed><sat>33</sat></trkpt>
  <trkpt lat="50.50305224" lon="14.05591847"><ele>204.033</ele><time>2026-09-27T08:38:33Z</time><speed>18.760</speed><sat>33</sat></trkpt>
  <trkpt lat="50.50311728" lon="14.05567842"><ele>204.110</ele><time>2026-09-27T08:38:34Z</time><speed>18.440</speed><sat>33</sat></trkpt>
  <trkpt lat="50.50318106" lon="14.05544346"><ele>204.251</ele><time>2026-09-27T08:38:35Z</time><speed>18.150</speed><sat>32</sat></trkpt>
  <trkpt lat="50.50324185" lon="14.05520840"><ele>204.326</ele><time>2026-09-27T08:38:36Z</time><speed>18.040</speed><sat>33</sat></trkpt>
  <trkpt lat="50.50330216" lon="14.05497393"><ele>204.464</ele><time>2026-09-27T08:38:37Z</time><speed>17.960</speed><sat>32</sat></trkpt>
  <trkpt lat="50.50336598" lon="14.05474170"><ele>204.305</ele><time>2026-09-27T08:38:38Z</time><speed>17.970</speed><sat>31</sat></trkpt>
  <trkpt lat="50.50341842" lon="14.05450389"><ele>204.146</ele><time>2026-09-27T08:38:39Z</time><speed>18.170</speed><sat>30</sat></trkpt>
  <trkpt lat="50.50348176" lon="14.05425954"><ele>204.195</ele><time>2026-09-27T08:38:40Z</time><speed>18.460</speed><sat>29</sat></trkpt>
  <trkpt lat="50.50354266" lon="14.05400852"><ele>204.216</ele><time>2026-09-27T08:38:41Z</time><speed>18.910</speed><sat>31</sat></trkpt>
  <trkpt lat="50.50361076" lon="14.05375847"><ele>204.624</ele><time>2026-09-27T08:38:42Z</time><speed>19.370</speed><sat>31</sat></trkpt>
  <trkpt lat="50.50367972" lon="14.05350719"><ele>204.689</ele><time>2026-09-27T08:38:43Z</time><speed>19.630</speed><sat>31</sat></trkpt>
  <trkpt lat="50.50374460" lon="14.05324473"><ele>204.580</ele><time>2026-09-27T08:38:44Z</time><speed>19.820</speed><sat>32</sat></trkpt>
  <trkpt lat="50.50380991" lon="14.05298080"><ele>204.711</ele><time>2026-09-27T08:38:45Z</time><speed>19.980</speed><sat>33</sat></trkpt>
  <trkpt lat="50.50387528" lon="14.05271745"><ele>204.857</ele><time>2026-09-27T08:38:46Z</time><speed>20.050</speed><sat>33</sat></trkpt>
  <trkpt lat="50.50393982" lon="14.05245506"><ele>205.138</ele><time>2026-09-27T08:38:47Z</time><speed>20.120</speed><sat>33</sat></trkpt>
  <trkpt lat="50.50400989" lon="14.05219233"><ele>205.128</ele><time>2026-09-27T08:38:48Z</time><speed>20.110</speed><sat>33</sat></trkpt>
  <trkpt lat="50.50407889" lon="14.05193243"><ele>205.138</ele><time>2026-09-27T08:38:49Z</time><speed>20.000</speed><sat>34</sat></trkpt>
  <trkpt lat="50.50414803" lon="14.05167480"><ele>205.324</ele><time>2026-09-27T08:38:50Z</time><speed>19.860</speed><sat>34</sat></trkpt>
  <trkpt lat="50.50421255" lon="14.05141500"><ele>205.445</ele><time>2026-09-27T08:38:51Z</time><speed>19.670</speed><sat>35</sat></trkpt>
  <trkpt lat="50.50427424" lon="14.05115776"><ele>205.591</ele><time>2026-09-27T08:38:52Z</time><speed>19.600</speed><sat>34</sat></trkpt>
  <trkpt lat="50.50434006" lon="14.05089889"><ele>205.859</ele><time>2026-09-27T08:38:53Z</time><speed>19.600</speed><sat>34</sat></trkpt>
  <trkpt lat="50.50440208" lon="14.05063632"><ele>206.213</ele><time>2026-09-27T08:38:54Z</time><speed>19.800</speed><sat>34</sat></trkpt>
  <trkpt lat="50.50446701" lon="14.05037335"><ele>206.597</ele><time>2026-09-27T08:38:55Z</time><speed>19.980</speed><sat>33</sat></trkpt>
  <trkpt lat="50.50452936" lon="14.05010960"><ele>206.786</ele><time>2026-09-27T08:38:56Z</time><speed>19.940</speed><sat>34</sat></trkpt>
  <trkpt lat="50.50459444" lon="14.04984516"><ele>207.018</ele><time>2026-09-27T08:38:57Z</time><speed>19.900</speed><sat>30</sat></trkpt>
  <trkpt lat="50.50465840" lon="14.04958565"><ele>207.190</ele><time>2026-09-27T08:38:58Z</time><speed>19.730</speed><sat>29</sat></trkpt>
  <trkpt lat="50.50472271" lon="14.04933049"><ele>207.665</ele><time>2026-09-27T08:38:59Z</time><speed>19.650</speed><sat>30</sat></trkpt>
  <trkpt lat="50.50478918" lon="14.04907623"><ele>207.952</ele><time>2026-09-27T08:39:00Z</time><speed>19.530</speed><sat>33</sat></trkpt>
  <trkpt lat="50.50485357" lon="14.04881625"><ele>208.174</ele><time>2026-09-27T08:39:01Z</time><speed>19.420</speed><sat>34</sat></trkpt>
  <trkpt lat="50.50491934" lon="14.04855389"><ele>208.398</ele><time>2026-09-27T08:39:02Z</time><speed>19.550</speed><sat>34</sat></trkpt>
  <trkpt lat="50.50498558" lon="14.04828842"><ele>208.626</ele><time>2026-09-27T08:39:03Z</time><speed>19.830</speed><sat>35</sat></trkpt>
  <trkpt lat="50.50505101" lon="14.04802730"><ele>208.907</ele><time>2026-09-27T08:39:04Z</time><speed>19.940</speed><sat>35</sat></trkpt>
  <trkpt lat="50.50511714" lon="14.04776697"><ele>209.364</ele><time>2026-09-27T08:39:05Z</time><speed>19.920</speed><sat>35</sat></trkpt>
  <trkpt lat="50.50518401" lon="14.04750262"><ele>209.488</ele><time>2026-09-27T08:39:06Z</time><speed>20.050</speed><sat>35</sat></trkpt>
  <trkpt lat="50.50524991" lon="14.04723791"><ele>209.850</ele><time>2026-09-27T08:39:07Z</time><speed>20.230</speed><sat>34</sat></trkpt>
  <trkpt lat="50.50531696" lon="14.04696692"><ele>209.953</ele><time>2026-09-27T08:39:08Z</time><speed>20.460</speed><sat>34</sat></trkpt>
  <trkpt lat="50.50538495" lon="14.04669180"><ele>210.045</ele><time>2026-09-27T08:39:09Z</time><speed>20.910</speed><sat>33</sat></trkpt>
  <trkpt lat="50.50545273" lon="14.04640804"><ele>210.227</ele><time>2026-09-27T08:39:10Z</time><speed>21.480</speed><sat>34</sat></trkpt>
  <trkpt lat="50.50552349" lon="14.04611865"><ele>210.314</ele><time>2026-09-27T08:39:11Z</time><speed>21.960</speed><sat>34</sat></trkpt>
  <trkpt lat="50.50559969" lon="14.04582234"><ele>210.633</ele><time>2026-09-27T08:39:12Z</time><speed>22.500</speed><sat>34</sat></trkpt>
  <trkpt lat="50.50567506" lon="14.04552493"><ele>210.716</ele><time>2026-09-27T08:39:13Z</time><speed>22.640</speed><sat>33</sat></trkpt>
  <trkpt lat="50.50574968" lon="14.04522999"><ele>210.775</ele><time>2026-09-27T08:39:14Z</time><speed>22.640</speed><sat>33</sat></trkpt>
  <trkpt lat="50.50582462" lon="14.04493064"><ele>211.135</ele><time>2026-09-27T08:39:15Z</time><speed>22.640</speed><sat>33</sat></trkpt>
  <trkpt lat="50.50590095" lon="14.04463657"><ele>211.082</ele><time>2026-09-27T08:39:16Z</time><speed>22.670</speed><sat>33</sat></trkpt>
  <trkpt lat="50.50597786" lon="14.04433541"><ele>211.217</ele><time>2026-09-27T08:39:17Z</time><speed>22.690</speed><sat>33</sat></trkpt>
  <trkpt lat="50.50605069" lon="14.04403859"><ele>211.170</ele><time>2026-09-27T08:39:18Z</time><speed>22.750</speed><sat>33</sat></trkpt>
  <trkpt lat="50.50613014" lon="14.04373639"><ele>211.381</ele><time>2026-09-27T08:39:19Z</time><speed>22.860</speed><sat>33</sat></trkpt>
  <trkpt lat="50.50620458" lon="14.04343774"><ele>211.413</ele><time>2026-09-27T08:39:20Z</time><speed>23.030</speed><sat>33</sat></trkpt>
  <trkpt lat="50.50628034" lon="14.04313431"><ele>211.381</ele><time>2026-09-27T08:39:21Z</time><speed>23.120</speed><sat>33</sat></trkpt>
  <trkpt lat="50.50635746" lon="14.04282907"><ele>211.537</ele><time>2026-09-27T08:39:22Z</time><speed>23.150</speed><sat>33</sat></trkpt>
  <trkpt lat="50.50643026" lon="14.04252792"><ele>211.334</ele><time>2026-09-27T08:39:23Z</time><speed>23.160</speed><sat>32</sat></trkpt>
  <trkpt lat="50.50650733" lon="14.04222090"><ele>211.653</ele><time>2026-09-27T08:39:24Z</time><speed>23.240</speed><sat>31</sat></trkpt>
  <trkpt lat="50.50658514" lon="14.04191613"><ele>211.682</ele><time>2026-09-27T08:39:25Z</time><speed>23.230</speed><sat>31</sat></trkpt>
  <trkpt lat="50.50666086" lon="14.04161066"><ele>211.690</ele><time>2026-09-27T08:39:26Z</time><speed>23.250</speed><sat>31</sat></trkpt>
  <trkpt lat="50.50674079" lon="14.04130444"><ele>211.523</ele><time>2026-09-27T08:39:27Z</time><speed>23.310</speed><sat>31</sat></trkpt>
  <trkpt lat="50.50681848" lon="14.04099735"><ele>211.783</ele><time>2026-09-27T08:39:28Z</time><speed>23.360</speed><sat>31</sat></trkpt>
  <trkpt lat="50.50689492" lon="14.04068692"><ele>211.923</ele><time>2026-09-27T08:39:29Z</time><speed>23.370</speed><sat>33</sat></trkpt>
  <trkpt lat="50.50697069" lon="14.04038051"><ele>211.883</ele><time>2026-09-27T08:39:30Z</time><speed>23.360</speed><sat>34</sat></trkpt>
  <trkpt lat="50.50704500" lon="14.04007479"><ele>211.863</ele><time>2026-09-27T08:39:31Z</time><speed>23.370</speed><sat>35</sat></trkpt>
  <trkpt lat="50.50711938" lon="14.03976306"><ele>211.687</ele><time>2026-09-27T08:39:32Z</time><speed>23.530</speed><sat>35</sat></trkpt>
  <trkpt lat="50.50719687" lon="14.03944813"><ele>211.133</ele><time>2026-09-27T08:39:33Z</time><speed>23.840</speed><sat>36</sat></trkpt>
  <trkpt lat="50.50727336" lon="14.03912940"><ele>210.923</ele><time>2026-09-27T08:39:34Z</time><speed>24.270</speed><sat>36</sat></trkpt>
  <trkpt lat="50.50735047" lon="14.03879598"><ele>210.708</ele><time>2026-09-27T08:39:35Z</time><speed>25.050</speed><sat>36</sat></trkpt>
  <trkpt lat="50.50743379" lon="14.03845514"><ele>210.763</ele><time>2026-09-27T08:39:36Z</time><speed>25.970</speed><sat>36</sat></trkpt>
  <trkpt lat="50.50752339" lon="14.03810289"><ele>210.257</ele><time>2026-09-27T08:39:37Z</time><speed>26.610</speed><sat>37</sat></trkpt>
  <trkpt lat="50.50761714" lon="14.03775294"><ele>210.148</ele><time>2026-09-27T08:39:38Z</time><speed>27.020</speed><sat>37</sat></trkpt>
  <trkpt lat="50.50771502" lon="14.03739696"><ele>210.209</ele><time>2026-09-27T08:39:39Z</time><speed>27.580</speed><sat>37</sat></trkpt>
  <trkpt lat="50.50781268" lon="14.03703913"><ele>209.968</ele><time>2026-09-27T08:39:40Z</time><speed>27.760</speed><sat>37</sat></trkpt>
  <trkpt lat="50.50791248" lon="14.03667907"><ele>209.889</ele><time>2026-09-27T08:39:41Z</time><speed>28.080</speed><sat>37</sat></trkpt>
  <trkpt lat="50.50801627" lon="14.03632249"><ele>209.936</ele><time>2026-09-27T08:39:42Z</time><speed>27.960</speed><sat>37</sat></trkpt>
  <trkpt lat="50.50811926" lon="14.03595994"><ele>210.018</ele><time>2026-09-27T08:39:43Z</time><speed>28.260</speed><sat>35</sat></trkpt>
  <trkpt lat="50.50822640" lon="14.03559664"><ele>209.977</ele><time>2026-09-27T08:39:44Z</time><speed>28.450</speed><sat>35</sat></trkpt>
  <trkpt lat="50.50833340" lon="14.03523122"><ele>210.224</ele><time>2026-09-27T08:39:45Z</time><speed>28.480</speed><sat>36</sat></trkpt>
  <trkpt lat="50.50844418" lon="14.03486587"><ele>210.376</ele><time>2026-09-27T08:39:46Z</time><speed>28.670</speed><sat>36</sat></trkpt>
  <trkpt lat="50.50855840" lon="14.03449785"><ele>210.573</ele><time>2026-09-27T08:39:47Z</time><speed>29.040</speed><sat>36</sat></trkpt>
  <trkpt lat="50.50867717" lon="14.03412563"><ele>210.708</ele><time>2026-09-27T08:39:48Z</time><speed>29.500</speed><sat>36</sat></trkpt>
  <trkpt lat="50.50880029" lon="14.03375048"><ele>211.083</ele><time>2026-09-27T08:39:49Z</time><speed>29.880</speed><sat>36</sat></trkpt>
  <trkpt lat="50.50892593" lon="14.03337462"><ele>211.654</ele><time>2026-09-27T08:39:50Z</time><speed>30.220</speed><sat>36</sat></trkpt>
  <trkpt lat="50.50905612" lon="14.03299500"><ele>212.199</ele><time>2026-09-27T08:39:51Z</time><speed>30.480</speed><sat>35</sat></trkpt>
  <trkpt lat="50.50918467" lon="14.03261507"><ele>213.083</ele><time>2026-09-27T08:39:52Z</time><speed>30.640</speed><sat>35</sat></trkpt>
  <trkpt lat="50.50932132" lon="14.03223484"><ele>213.916</ele><time>2026-09-27T08:39:53Z</time><speed>30.830</speed><sat>35</sat></trkpt>
  <trkpt lat="50.50946328" lon="14.03185242"><ele>214.622</ele><time>2026-09-27T08:39:54Z</time><speed>31.060</speed><sat>35</sat></trkpt>
  <trkpt lat="50.50960456" lon="14.03147252"><ele>215.366</ele><time>2026-09-27T08:39:55Z</time><speed>31.080</speed><sat>35</sat></trkpt>
  <trkpt lat="50.50974938" lon="14.03109591"><ele>216.568</ele><time>2026-09-27T08:39:56Z</time><speed>31.360</speed><sat>36</sat></trkpt>
  <trkpt lat="50.50989677" lon="14.03071802"><ele>217.341</ele><time>2026-09-27T08:39:57Z</time><speed>31.610</speed><sat>36</sat></trkpt>
  <trkpt lat="50.51004603" lon="14.03033783"><ele>218.785</ele><time>2026-09-27T08:39:58Z</time><speed>31.700</speed><sat>36</sat></trkpt>
  <trkpt lat="50.51019688" lon="14.02996205"><ele>219.795</ele><time>2026-09-27T08:39:59Z</time><speed>31.440</speed><sat>36</sat></trkpt>
  <trkpt lat="50.51034934" lon="14.02959667"><ele>221.113</ele><time>2026-09-27T08:40:00Z</time><speed>30.830</speed><sat>36</sat></trkpt>
  <trkpt lat="50.51050219" lon="14.02923375"><ele>222.393</ele><time>2026-09-27T08:40:01Z</time><speed>30.750</speed><sat>36</sat></trkpt>
  <trkpt lat="50.51065600" lon="14.02887832"><ele>223.839</ele><time>2026-09-27T08:40:02Z</time><speed>30.540</speed><sat>36</sat></trkpt>
  <trkpt lat="50.51080938" lon="14.02852224"><ele>225.605</ele><time>2026-09-27T08:40:03Z</time><speed>30.210</speed><sat>36</sat></trkpt>
  <trkpt lat="50.51096727" lon="14.02817120"><ele>226.950</ele><time>2026-09-27T08:40:04Z</time><speed>30.450</speed><sat>36</sat></trkpt>
  <trkpt lat="50.51112234" lon="14.02782244"><ele>228.526</ele><time>2026-09-27T08:40:05Z</time><speed>30.020</speed><sat>36</sat></trkpt>
  <trkpt lat="50.51128249" lon="14.02748046"><ele>229.754</ele><time>2026-09-27T08:40:06Z</time><speed>30.070</speed><sat>36</sat></trkpt>
  <trkpt lat="50.51144244" lon="14.02713955"><ele>231.185</ele><time>2026-09-27T08:40:07Z</time><speed>29.850</speed><sat>36</sat></trkpt>
  <trkpt lat="50.51159895" lon="14.02680841"><ele>232.559</ele><time>2026-09-27T08:40:08Z</time><speed>29.050</speed><sat>36</sat></trkpt>
  <trkpt lat="50.51175798" lon="14.02648492"><ele>233.862</ele><time>2026-09-27T08:40:09Z</time><speed>28.660</speed><sat>36</sat></trkpt>
  <trkpt lat="50.51191285" lon="14.02616983"><ele>234.935</ele><time>2026-09-27T08:40:10Z</time><speed>28.190</speed><sat>36</sat></trkpt>
  <trkpt lat="50.51206753" lon="14.02585526"><ele>236.220</ele><time>2026-09-27T08:40:11Z</time><speed>28.050</speed><sat>36</sat></trkpt>
  <trkpt lat="50.51222325" lon="14.02554253"><ele>237.555</ele><time>2026-09-27T08:40:12Z</time><speed>28.010</speed><sat>36</sat></trkpt>
  <trkpt lat="50.51238305" lon="14.02523795"><ele>238.495</ele><time>2026-09-27T08:40:13Z</time><speed>27.980</speed><sat>36</sat></trkpt>
  <trkpt lat="50.51254076" lon="14.02493278"><ele>239.896</ele><time>2026-09-27T08:40:14Z</time><speed>27.910</speed><sat>36</sat></trkpt>
  <trkpt lat="50.51269776" lon="14.02462817"><ele>241.142</ele><time>2026-09-27T08:40:15Z</time><speed>27.700</speed><sat>36</sat></trkpt>
  <trkpt lat="50.51285431" lon="14.02432757"><ele>242.390</ele><time>2026-09-27T08:40:16Z</time><speed>27.500</speed><sat>36</sat></trkpt>
  <trkpt lat="50.51300287" lon="14.02402785"><ele>243.118</ele><time>2026-09-27T08:40:17Z</time><speed>27.110</speed><sat>36</sat></trkpt>
  <trkpt lat="50.51316029" lon="14.02375030"><ele>244.365</ele><time>2026-09-27T08:40:18Z</time><speed>26.570</speed><sat>36</sat></trkpt>
  <trkpt lat="50.51331069" lon="14.02346634"><ele>245.239</ele><time>2026-09-27T08:40:19Z</time><speed>26.230</speed><sat>35</sat></trkpt>
  <trkpt lat="50.51345931" lon="14.02318764"><ele>245.826</ele><time>2026-09-27T08:40:20Z</time><speed>25.910</speed><sat>35</sat></trkpt>
  <trkpt lat="50.51360413" lon="14.02290957"><ele>246.355</ele><time>2026-09-27T08:40:21Z</time><speed>25.560</speed><sat>35</sat></trkpt>
  <trkpt lat="50.51374263" lon="14.02263842"><ele>247.955</ele><time>2026-09-27T08:40:22Z</time><speed>24.880</speed><sat>36</sat></trkpt>
  <trkpt lat="50.51388339" lon="14.02236618"><ele>248.589</ele><time>2026-09-27T08:40:23Z</time><speed>24.480</speed><sat>35</sat></trkpt>
  <trkpt lat="50.51401938" lon="14.02209872"><ele>250.462</ele><time>2026-09-27T08:40:24Z</time><speed>24.250</speed><sat>36</sat></trkpt>
  <trkpt lat="50.51415884" lon="14.02183226"><ele>251.739</ele><time>2026-09-27T08:40:25Z</time><speed>24.400</speed><sat>35</sat></trkpt>
  <trkpt lat="50.51430340" lon="14.02156727"><ele>252.973</ele><time>2026-09-27T08:40:26Z</time><speed>24.740</speed><sat>35</sat></trkpt>
  <trkpt lat="50.51444652" lon="14.02129604"><ele>254.299</ele><time>2026-09-27T08:40:27Z</time><speed>25.070</speed><sat>35</sat></trkpt>
  <trkpt lat="50.51459318" lon="14.02102384"><ele>255.086</ele><time>2026-09-27T08:40:28Z</time><speed>25.360</speed><sat>35</sat></trkpt>
  <trkpt lat="50.51474149" lon="14.02074716"><ele>256.391</ele><time>2026-09-27T08:40:29Z</time><speed>25.770</speed><sat>34</sat></trkpt>
  <trkpt lat="50.51489052" lon="14.02046360"><ele>257.825</ele><time>2026-09-27T08:40:30Z</time><speed>26.130</speed><sat>34</sat></trkpt>
  <trkpt lat="50.51504086" lon="14.02017703"><ele>258.893</ele><time>2026-09-27T08:40:31Z</time><speed>26.470</speed><sat>34</sat></trkpt>
  <trkpt lat="50.51519303" lon="14.01988762"><ele>260.251</ele><time>2026-09-27T08:40:32Z</time><speed>26.680</speed><sat>34</sat></trkpt>
  <trkpt lat="50.51534816" lon="14.01960031"><ele>261.443</ele><time>2026-09-27T08:40:33Z</time><speed>26.680</speed><sat>34</sat></trkpt>
  <trkpt lat="50.51550160" lon="14.01930958"><ele>262.637</ele><time>2026-09-27T08:40:34Z</time><speed>26.690</speed><sat>33</sat></trkpt>
  <trkpt lat="50.51565438" lon="14.01901939"><ele>263.865</ele><time>2026-09-27T08:40:35Z</time><speed>26.710</speed><sat>33</sat></trkpt>
  <trkpt lat="50.51580703" lon="14.01873115"><ele>265.150</ele><time>2026-09-27T08:40:36Z</time><speed>26.450</speed><sat>33</sat></trkpt>
  <trkpt lat="50.51595950" lon="14.01844578"><ele>265.953</ele><time>2026-09-27T08:40:37Z</time><speed>26.380</speed><sat>34</sat></trkpt>
  <trkpt lat="50.51611209" lon="14.01815882"><ele>267.493</ele><time>2026-09-27T08:40:38Z</time><speed>26.370</speed><sat>34</sat></trkpt>
  <trkpt lat="50.51626293" lon="14.01787277"><ele>268.495</ele><time>2026-09-27T08:40:39Z</time><speed>26.280</speed><sat>34</sat></trkpt>
  <trkpt lat="50.51641414" lon="14.01758597"><ele>269.455</ele><time>2026-09-27T08:40:40Z</time><speed>26.310</speed><sat>34</sat></trkpt>
  <trkpt lat="50.51656324" lon="14.01729693"><ele>270.627</ele><time>2026-09-27T08:40:41Z</time><speed>26.290</speed><sat>34</sat></trkpt>
  <trkpt lat="50.51671307" lon="14.01701008"><ele>271.627</ele><time>2026-09-27T08:40:42Z</time><speed>26.210</speed><sat>34</sat></trkpt>
  <trkpt lat="50.51686266" lon="14.01672435"><ele>272.830</ele><time>2026-09-27T08:40:43Z</time><speed>26.200</speed><sat>34</sat></trkpt>
  <trkpt lat="50.51701246" lon="14.01644004"><ele>273.966</ele><time>2026-09-27T08:40:44Z</time><speed>26.180</speed><sat>34</sat></trkpt>
  <trkpt lat="50.51716036" lon="14.01615591"><ele>275.205</ele><time>2026-09-27T08:40:45Z</time><speed>26.140</speed><sat>34</sat></trkpt>
  <trkpt lat="50.51730895" lon="14.01586949"><ele>276.237</ele><time>2026-09-27T08:40:46Z</time><speed>26.140</speed><sat>32</sat></trkpt>
  <trkpt lat="50.51745892" lon="14.01558270"><ele>277.450</ele><time>2026-09-27T08:40:47Z</time><speed>26.240</speed><sat>33</sat></trkpt>
  <trkpt lat="50.51761005" lon="14.01529644"><ele>278.683</ele><time>2026-09-27T08:40:48Z</time><speed>26.300</speed><sat>33</sat></trkpt>
  <trkpt lat="50.51776174" lon="14.01501231"><ele>279.955</ele><time>2026-09-27T08:40:49Z</time><speed>26.260</speed><sat>33</sat></trkpt>
  <trkpt lat="50.51790946" lon="14.01472614"><ele>281.192</ele><time>2026-09-27T08:40:50Z</time><speed>26.210</speed><sat>33</sat></trkpt>
  <trkpt lat="50.51805787" lon="14.01444068"><ele>282.308</ele><time>2026-09-27T08:40:51Z</time><speed>26.180</speed><sat>34</sat></trkpt>
  <trkpt lat="50.51820620" lon="14.01415641"><ele>283.280</ele><time>2026-09-27T08:40:52Z</time><speed>26.010</speed><sat>34</sat></trkpt>
  <trkpt lat="50.51835288" lon="14.01387591"><ele>284.506</ele><time>2026-09-27T08:40:53Z</time><speed>25.860</speed><sat>34</sat></trkpt>
  <trkpt lat="50.51850187" lon="14.01359564"><ele>285.753</ele><time>2026-09-27T08:40:54Z</time><speed>25.710</speed><sat>34</sat></trkpt>
  <trkpt lat="50.51864940" lon="14.01331458"><ele>286.585</ele><time>2026-09-27T08:40:55Z</time><speed>25.620</speed><sat>34</sat></trkpt>
  <trkpt lat="50.51879591" lon="14.01303777"><ele>287.921</ele><time>2026-09-27T08:40:56Z</time><speed>25.690</speed><sat>34</sat></trkpt>
  <trkpt lat="50.51894202" lon="14.01275917"><ele>289.119</ele><time>2026-09-27T08:40:57Z</time><speed>25.700</speed><sat>34</sat></trkpt>
  <trkpt lat="50.51908784" lon="14.01247868"><ele>290.275</ele><time>2026-09-27T08:40:58Z</time><speed>25.650</speed><sat>34</sat></trkpt>
  <trkpt lat="50.51923304" lon="14.01220232"><ele>291.427</ele><time>2026-09-27T08:40:59Z</time><speed>25.600</speed><sat>32</sat></trkpt>
  <trkpt lat="50.51938132" lon="14.01191935"><ele>292.515</ele><time>2026-09-27T08:41:00Z</time><speed>25.520</speed><sat>32</sat></trkpt>
  <trkpt lat="50.51952542" lon="14.01164255"><ele>293.878</ele><time>2026-09-27T08:41:01Z</time><speed>25.400</speed><sat>30</sat></trkpt>
  <trkpt lat="50.51967138" lon="14.01136709"><ele>295.068</ele><time>2026-09-27T08:41:02Z</time><speed>25.350</speed><sat>29</sat></trkpt>
  <trkpt lat="50.51981815" lon="14.01108939"><ele>296.407</ele><time>2026-09-27T08:41:03Z</time><speed>25.430</speed><sat>29</sat></trkpt>
  <trkpt lat="50.51996378" lon="14.01081151"><ele>297.622</ele><time>2026-09-27T08:41:04Z</time><speed>25.480</speed><sat>29</sat></trkpt>
  <trkpt lat="50.52011036" lon="14.01053614"><ele>298.275</ele><time>2026-09-27T08:41:05Z</time><speed>25.470</speed><sat>29</sat></trkpt>
  <trkpt lat="50.52025588" lon="14.01026644"><ele>298.432</ele><time>2026-09-27T08:41:06Z</time><speed>25.370</speed><sat>29</sat></trkpt>
  <trkpt lat="50.52041192" lon="14.01000465"><ele>299.085</ele><time>2026-09-27T08:41:07Z</time><speed>25.660</speed><sat>30</sat></trkpt>
  <trkpt lat="50.52057330" lon="14.00972659"><ele>300.951</ele><time>2026-09-27T08:41:08Z</time><speed>26.360</speed><sat>30</sat></trkpt>
  <trkpt lat="50.52072901" lon="14.00944137"><ele>302.561</ele><time>2026-09-27T08:41:09Z</time><speed>26.440</speed><sat>29</sat></trkpt>
  <trkpt lat="50.52088390" lon="14.00915403"><ele>303.797</ele><time>2026-09-27T08:41:10Z</time><speed>26.530</speed><sat>29</sat></trkpt>
  <trkpt lat="50.52103568" lon="14.00886402"><ele>305.277</ele><time>2026-09-27T08:41:11Z</time><speed>26.710</speed><sat>28</sat></trkpt>
  <trkpt lat="50.52119080" lon="14.00857167"><ele>306.586</ele><time>2026-09-27T08:41:12Z</time><speed>26.830</speed><sat>29</sat></trkpt>
  <trkpt lat="50.52134608" lon="14.00827857"><ele>307.613</ele><time>2026-09-27T08:41:13Z</time><speed>26.980</speed><sat>29</sat></trkpt>
  <trkpt lat="50.52150063" lon="14.00798094"><ele>309.024</ele><time>2026-09-27T08:41:14Z</time><speed>27.110</speed><sat>29</sat></trkpt>
  <trkpt lat="50.52165402" lon="14.00768699"><ele>310.438</ele><time>2026-09-27T08:41:15Z</time><speed>27.200</speed><sat>30</sat></trkpt>
  <trkpt lat="50.52181282" lon="14.00739169"><ele>311.876</ele><time>2026-09-27T08:41:16Z</time><speed>27.170</speed><sat>30</sat></trkpt>
  <trkpt lat="50.52197030" lon="14.00709334"><ele>312.962</ele><time>2026-09-27T08:41:17Z</time><speed>27.240</speed><sat>29</sat></trkpt>
  <trkpt lat="50.52212953" lon="14.00679100"><ele>314.451</ele><time>2026-09-27T08:41:18Z</time><speed>27.620</speed><sat>29</sat></trkpt>
  <trkpt lat="50.52229157" lon="14.00648619"><ele>315.796</ele><time>2026-09-27T08:41:19Z</time><speed>28.050</speed><sat>29</sat></trkpt>
  <trkpt lat="50.52245869" lon="14.00617951"><ele>317.007</ele><time>2026-09-27T08:41:20Z</time><speed>28.480</speed><sat>29</sat></trkpt>
  <trkpt lat="50.52262801" lon="14.00586690"><ele>318.309</ele><time>2026-09-27T08:41:21Z</time><speed>28.820</speed><sat>30</sat></trkpt>
  <trkpt lat="50.52279888" lon="14.00555966"><ele>319.950</ele><time>2026-09-27T08:41:22Z</time><speed>29.040</speed><sat>29</sat></trkpt>
  <trkpt lat="50.52297287" lon="14.00525524"><ele>321.283</ele><time>2026-09-27T08:41:23Z</time><speed>29.110</speed><sat>29</sat></trkpt>
  <trkpt lat="50.52315338" lon="14.00495249"><ele>322.716</ele><time>2026-09-27T08:41:24Z</time><speed>29.170</speed><sat>29</sat></trkpt>
  <trkpt lat="50.52333592" lon="14.00465473"><ele>323.928</ele><time>2026-09-27T08:41:25Z</time><speed>29.210</speed><sat>30</sat></trkpt>
  <trkpt lat="50.52352651" lon="14.00438436"><ele>324.544</ele><time>2026-09-27T08:41:26Z</time><speed>29.270</speed><sat>30</sat></trkpt>
  <trkpt lat="50.52371347" lon="14.00408759"><ele>326.252</ele><time>2026-09-27T08:41:27Z</time><speed>29.290</speed><sat>30</sat></trkpt>
  <trkpt lat="50.52390370" lon="14.00380252"><ele>327.676</ele><time>2026-09-27T08:41:28Z</time><speed>29.310</speed><sat>31</sat></trkpt>
  <trkpt lat="50.52410230" lon="14.00351872"><ele>329.372</ele><time>2026-09-27T08:41:29Z</time><speed>29.360</speed><sat>31</sat></trkpt>
  <trkpt lat="50.52429607" lon="14.00323920"><ele>330.790</ele><time>2026-09-27T08:41:30Z</time><speed>29.350</speed><sat>31</sat></trkpt>
  <trkpt lat="50.52449878" lon="14.00297535"><ele>332.698</ele><time>2026-09-27T08:41:31Z</time><speed>29.320</speed><sat>30</sat></trkpt>
  <trkpt lat="50.52469977" lon="14.00271349"><ele>333.765</ele><time>2026-09-27T08:41:32Z</time><speed>29.260</speed><sat>30</sat></trkpt>
  <trkpt lat="50.52490322" lon="14.00245096"><ele>335.245</ele><time>2026-09-27T08:41:33Z</time><speed>29.170</speed><sat>30</sat></trkpt>
  <trkpt lat="50.52511108" lon="14.00220135"><ele>336.196</ele><time>2026-09-27T08:41:34Z</time><speed>29.110</speed><sat>30</sat></trkpt>
  <trkpt lat="50.52531894" lon="14.00195723"><ele>337.334</ele><time>2026-09-27T08:41:35Z</time><speed>28.850</speed><sat>29</sat></trkpt>
  <trkpt lat="50.52552673" lon="14.00171459"><ele>339.009</ele><time>2026-09-27T08:41:36Z</time><speed>28.640</speed><sat>29</sat></trkpt>
  <trkpt lat="50.52573563" lon="14.00148487"><ele>340.299</ele><time>2026-09-27T08:41:37Z</time><speed>28.440</speed><sat>28</sat></trkpt>
  <trkpt lat="50.52594415" lon="14.00126192"><ele>341.620</ele><time>2026-09-27T08:41:38Z</time><speed>28.330</speed><sat>28</sat></trkpt>
  <trkpt lat="50.52615835" lon="14.00104004"><ele>342.933</ele><time>2026-09-27T08:41:39Z</time><speed>28.450</speed><sat>28</sat></trkpt>
  <trkpt lat="50.52637525" lon="14.00082401"><ele>343.964</ele><time>2026-09-27T08:41:40Z</time><speed>28.520</speed><sat>27</sat></trkpt>
  <trkpt lat="50.52659432" lon="14.00061062"><ele>345.257</ele><time>2026-09-27T08:41:41Z</time><speed>28.470</speed><sat>27</sat></trkpt>
  <trkpt lat="50.52681341" lon="14.00040312"><ele>346.218</ele><time>2026-09-27T08:41:42Z</time><speed>28.400</speed><sat>28</sat></trkpt>
  <trkpt lat="50.52703656" lon="14.00020076"><ele>346.672</ele><time>2026-09-27T08:41:43Z</time><speed>28.380</speed><sat>28</sat></trkpt>
  <trkpt lat="50.52726173" lon="14.00000839"><ele>347.852</ele><time>2026-09-27T08:41:44Z</time><speed>28.380</speed><sat>28</sat></trkpt>
  <trkpt lat="50.52748674" lon="13.99982024"><ele>348.455</ele><time>2026-09-27T08:41:45Z</time><speed>28.400</speed><sat>28</sat></trkpt>
  <trkpt lat="50.52771437" lon="13.99963461"><ele>348.949</ele><time>2026-09-27T08:41:46Z</time><speed>28.430</speed><sat>29</sat></trkpt>
  <trkpt lat="50.52794750" lon="13.99945690"><ele>349.566</ele><time>2026-09-27T08:41:47Z</time><speed>28.450</speed><sat>30</sat></trkpt>
  <trkpt lat="50.52818066" lon="13.99928473"><ele>349.692</ele><time>2026-09-27T08:41:48Z</time><speed>28.400</speed><sat>30</sat></trkpt>
  <trkpt lat="50.52841394" lon="13.99912283"><ele>350.227</ele><time>2026-09-27T08:41:49Z</time><speed>28.340</speed><sat>29</sat></trkpt>
  <trkpt lat="50.52864918" lon="13.99896534"><ele>350.186</ele><time>2026-09-27T08:41:50Z</time><speed>28.300</speed><sat>30</sat></trkpt>
  <trkpt lat="50.52888295" lon="13.99881056"><ele>350.645</ele><time>2026-09-27T08:41:51Z</time><speed>28.360</speed><sat>30</sat></trkpt>
  <trkpt lat="50.52911945" lon="13.99866275"><ele>351.330</ele><time>2026-09-27T08:41:52Z</time><speed>28.550</speed><sat>31</sat></trkpt>
  <trkpt lat="50.52936121" lon="13.99851686"><ele>351.593</ele><time>2026-09-27T08:41:53Z</time><speed>28.760</speed><sat>32</sat></trkpt>
  <trkpt lat="50.52960486" lon="13.99838108"><ele>352.258</ele><time>2026-09-27T08:41:54Z</time><speed>28.870</speed><sat>32</sat></trkpt>
  <trkpt lat="50.52984986" lon="13.99824676"><ele>352.441</ele><time>2026-09-27T08:41:55Z</time><speed>28.850</speed><sat>32</sat></trkpt>
  <trkpt lat="50.53009541" lon="13.99812147"><ele>352.781</ele><time>2026-09-27T08:41:56Z</time><speed>28.790</speed><sat>31</sat></trkpt>
  <trkpt lat="50.53034409" lon="13.99800422"><ele>353.436</ele><time>2026-09-27T08:41:57Z</time><speed>28.740</speed><sat>32</sat></trkpt>
  <trkpt lat="50.53058817" lon="13.99789287"><ele>353.230</ele><time>2026-09-27T08:41:58Z</time><speed>28.530</speed><sat>32</sat></trkpt>
  <trkpt lat="50.53084067" lon="13.99778497"><ele>353.086</ele><time>2026-09-27T08:41:59Z</time><speed>28.660</speed><sat>32</sat></trkpt>
  <trkpt lat="50.53108952" lon="13.99768108"><ele>353.030</ele><time>2026-09-27T08:42:00Z</time><speed>28.660</speed><sat>32</sat></trkpt>
  <trkpt lat="50.53134026" lon="13.99757597"><ele>352.508</ele><time>2026-09-27T08:42:01Z</time><speed>28.780</speed><sat>32</sat></trkpt>
  <trkpt lat="50.53159385" lon="13.99747792"><ele>352.826</ele><time>2026-09-27T08:42:02Z</time><speed>29.200</speed><sat>32</sat></trkpt>
  <trkpt lat="50.53185596" lon="13.99738283"><ele>352.496</ele><time>2026-09-27T08:42:03Z</time><speed>29.860</speed><sat>30</sat></trkpt>
  <trkpt lat="50.53212354" lon="13.99729029"><ele>352.554</ele><time>2026-09-27T08:42:04Z</time><speed>30.370</speed><sat>30</sat></trkpt>
  <trkpt lat="50.53239633" lon="13.99721504"><ele>352.458</ele><time>2026-09-27T08:42:05Z</time><speed>30.650</speed><sat>30</sat></trkpt>
  <trkpt lat="50.53267172" lon="13.99714859"><ele>352.509</ele><time>2026-09-27T08:42:06Z</time><speed>30.700</speed><sat>30</sat></trkpt>
  <trkpt lat="50.53294561" lon="13.99709506"><ele>352.470</ele><time>2026-09-27T08:42:07Z</time><speed>30.680</speed><sat>31</sat></trkpt>
  <trkpt lat="50.53322020" lon="13.99705063"><ele>352.653</ele><time>2026-09-27T08:42:08Z</time><speed>30.590</speed><sat>31</sat></trkpt>
  <trkpt lat="50.53349359" lon="13.99701325"><ele>352.643</ele><time>2026-09-27T08:42:09Z</time><speed>30.510</speed><sat>32</sat></trkpt>
  <trkpt lat="50.53376709" lon="13.99697435"><ele>352.339</ele><time>2026-09-27T08:42:10Z</time><speed>30.400</speed><sat>32</sat></trkpt>
  <trkpt lat="50.53404337" lon="13.99694984"><ele>351.944</ele><time>2026-09-27T08:42:11Z</time><speed>30.380</speed><sat>33</sat></trkpt>
  <trkpt lat="50.53431350" lon="13.99693674"><ele>351.354</ele><time>2026-09-27T08:42:12Z</time><speed>30.450</speed><sat>33</sat></trkpt>
  <trkpt lat="50.53458636" lon="13.99692850"><ele>351.004</ele><time>2026-09-27T08:42:13Z</time><speed>30.340</speed><sat>33</sat></trkpt>
  <trkpt lat="50.53485899" lon="13.99692262"><ele>350.950</ele><time>2026-09-27T08:42:14Z</time><speed>30.360</speed><sat>33</sat></trkpt>
  <trkpt lat="50.53512884" lon="13.99692089"><ele>351.077</ele><time>2026-09-27T08:42:15Z</time><speed>30.300</speed><sat>34</sat></trkpt>
  <trkpt lat="50.53539821" lon="13.99693337"><ele>350.780</ele><time>2026-09-27T08:42:16Z</time><speed>30.310</speed><sat>34</sat></trkpt>
  <trkpt lat="50.53567241" lon="13.99695099"><ele>351.011</ele><time>2026-09-27T08:42:17Z</time><speed>30.370</speed><sat>34</sat></trkpt>
  <trkpt lat="50.53594601" lon="13.99697254"><ele>350.707</ele><time>2026-09-27T08:42:18Z</time><speed>30.430</speed><sat>34</sat></trkpt>
  <trkpt lat="50.53621999" lon="13.99700312"><ele>350.179</ele><time>2026-09-27T08:42:19Z</time><speed>30.480</speed><sat>34</sat></trkpt>
  <trkpt lat="50.53649190" lon="13.99704180"><ele>349.869</ele><time>2026-09-27T08:42:20Z</time><speed>30.550</speed><sat>34</sat></trkpt>
  <trkpt lat="50.53676460" lon="13.99708774"><ele>349.600</ele><time>2026-09-27T08:42:21Z</time><speed>30.630</speed><sat>34</sat></trkpt>
  <trkpt lat="50.53703729" lon="13.99714070"><ele>349.537</ele><time>2026-09-27T08:42:22Z</time><speed>30.680</speed><sat>34</sat></trkpt>
  <trkpt lat="50.53731137" lon="13.99720156"><ele>349.119</ele><time>2026-09-27T08:42:23Z</time><speed>30.730</speed><sat>33</sat></trkpt>
  <trkpt lat="50.53758270" lon="13.99726724"><ele>348.773</ele><time>2026-09-27T08:42:24Z</time><speed>30.700</speed><sat>32</sat></trkpt>
  <trkpt lat="50.53785394" lon="13.99734334"><ele>348.326</ele><time>2026-09-27T08:42:25Z</time><speed>30.680</speed><sat>32</sat></trkpt>
  <trkpt lat="50.53812458" lon="13.99743223"><ele>347.751</ele><time>2026-09-27T08:42:26Z</time><speed>30.630</speed><sat>33</sat></trkpt>
  <trkpt lat="50.53839346" lon="13.99752495"><ele>347.322</ele><time>2026-09-27T08:42:27Z</time><speed>30.570</speed><sat>33</sat></trkpt>
  <trkpt lat="50.53866205" lon="13.99762282"><ele>346.788</ele><time>2026-09-27T08:42:28Z</time><speed>30.510</speed><sat>33</sat></trkpt>
  <trkpt lat="50.53893028" lon="13.99773105"><ele>346.200</ele><time>2026-09-27T08:42:29Z</time><speed>30.510</speed><sat>34</sat></trkpt>
  <trkpt lat="50.53919444" lon="13.99784197"><ele>345.633</ele><time>2026-09-27T08:42:30Z</time><speed>30.560</speed><sat>34</sat></trkpt>
  <trkpt lat="50.53945748" lon="13.99795969"><ele>344.872</ele><time>2026-09-27T08:42:31Z</time><speed>30.530</speed><sat>34</sat></trkpt>
  <trkpt lat="50.53972065" lon="13.99808307"><ele>344.564</ele><time>2026-09-27T08:42:32Z</time><speed>30.440</speed><sat>34</sat></trkpt>
  <trkpt lat="50.53997991" lon="13.99821589"><ele>343.968</ele><time>2026-09-27T08:42:33Z</time><speed>30.350</speed><sat>33</sat></trkpt>
  <trkpt lat="50.54023874" lon="13.99835904"><ele>343.842</ele><time>2026-09-27T08:42:34Z</time><speed>30.290</speed><sat>34</sat></trkpt>
  <trkpt lat="50.54049535" lon="13.99851037"><ele>343.310</ele><time>2026-09-27T08:42:35Z</time><speed>30.240</speed><sat>34</sat></trkpt>
  <trkpt lat="50.54074736" lon="13.99867005"><ele>342.700</ele><time>2026-09-27T08:42:36Z</time><speed>30.170</speed><sat>34</sat></trkpt>
  <trkpt lat="50.54099439" lon="13.99884468"><ele>342.338</ele><time>2026-09-27T08:42:37Z</time><speed>30.160</speed><sat>34</sat></trkpt>
  <trkpt lat="50.54124551" lon="13.99902147"><ele>342.563</ele><time>2026-09-27T08:42:38Z</time><speed>30.260</speed><sat>34</sat></trkpt>
  <trkpt lat="50.54148985" lon="13.99921139"><ele>342.140</ele><time>2026-09-27T08:42:39Z</time><speed>30.410</speed><sat>34</sat></trkpt>
  <trkpt lat="50.54173238" lon="13.99941262"><ele>341.536</ele><time>2026-09-27T08:42:40Z</time><speed>30.550</speed><sat>34</sat></trkpt>
  <trkpt lat="50.54197336" lon="13.99962274"><ele>341.081</ele><time>2026-09-27T08:42:41Z</time><speed>30.620</speed><sat>34</sat></trkpt>
  <trkpt lat="50.54221007" lon="13.99984540"><ele>340.291</ele><time>2026-09-27T08:42:42Z</time><speed>30.650</speed><sat>34</sat></trkpt>
  <trkpt lat="50.54244273" lon="14.00007356"><ele>339.863</ele><time>2026-09-27T08:42:43Z</time><speed>30.650</speed><sat>32</sat></trkpt>
  <trkpt lat="50.54267666" lon="14.00031419"><ele>339.150</ele><time>2026-09-27T08:42:44Z</time><speed>30.670</speed><sat>32</sat></trkpt>
  <trkpt lat="50.54289946" lon="14.00056119"><ele>338.276</ele><time>2026-09-27T08:42:45Z</time><speed>30.670</speed><sat>31</sat></trkpt>
  <trkpt lat="50.54311932" lon="14.00082066"><ele>337.316</ele><time>2026-09-27T08:42:46Z</time><speed>30.700</speed><sat>29</sat></trkpt>
  <trkpt lat="50.54333927" lon="14.00108713"><ele>336.212</ele><time>2026-09-27T08:42:47Z</time><speed>30.750</speed><sat>30</sat></trkpt>
  <trkpt lat="50.54355322" lon="14.00136417"><ele>335.203</ele><time>2026-09-27T08:42:48Z</time><speed>30.780</speed><sat>31</sat></trkpt>
  <trkpt lat="50.54376390" lon="14.00164974"><ele>334.134</ele><time>2026-09-27T08:42:49Z</time><speed>30.850</speed><sat>32</sat></trkpt>
  <trkpt lat="50.54397013" lon="14.00194384"><ele>333.188</ele><time>2026-09-27T08:42:50Z</time><speed>30.930</speed><sat>32</sat></trkpt>
  <trkpt lat="50.54417094" lon="14.00224421"><ele>332.215</ele><time>2026-09-27T08:42:51Z</time><speed>30.960</speed><sat>32</sat></trkpt>
  <trkpt lat="50.54436995" lon="14.00255202"><ele>331.322</ele><time>2026-09-27T08:42:52Z</time><speed>31.040</speed><sat>32</sat></trkpt>
  <trkpt lat="50.54456398" lon="14.00286940"><ele>330.375</ele><time>2026-09-27T08:42:53Z</time><speed>31.010</speed><sat>33</sat></trkpt>
  <trkpt lat="50.54475210" lon="14.00319179"><ele>329.639</ele><time>2026-09-27T08:42:54Z</time><speed>30.880</speed><sat>33</sat></trkpt>
  <trkpt lat="50.54493311" lon="14.00351911"><ele>328.699</ele><time>2026-09-27T08:42:55Z</time><speed>30.750</speed><sat>32</sat></trkpt>
  <trkpt lat="50.54511035" lon="14.00384935"><ele>327.902</ele><time>2026-09-27T08:42:56Z</time><speed>30.630</speed><sat>33</sat></trkpt>
  <trkpt lat="50.54528372" lon="14.00418390"><ele>327.164</ele><time>2026-09-27T08:42:57Z</time><speed>30.590</speed><sat>33</sat></trkpt>
  <trkpt lat="50.54545662" lon="14.00452265"><ele>326.653</ele><time>2026-09-27T08:42:58Z</time><speed>30.540</speed><sat>32</sat></trkpt>
  <trkpt lat="50.54562785" lon="14.00485815"><ele>325.803</ele><time>2026-09-27T08:42:59Z</time><speed>30.530</speed><sat>32</sat></trkpt>
  <trkpt lat="50.54579940" lon="14.00519574"><ele>325.410</ele><time>2026-09-27T08:43:00Z</time><speed>30.500</speed><sat>32</sat></trkpt>
  <trkpt lat="50.54596821" lon="14.00553237"><ele>324.808</ele><time>2026-09-27T08:43:01Z</time><speed>30.470</speed><sat>32</sat></trkpt>
  <trkpt lat="50.54614386" lon="14.00586734"><ele>324.190</ele><time>2026-09-27T08:43:02Z</time><speed>30.560</speed><sat>31</sat></trkpt>
  <trkpt lat="50.54632102" lon="14.00620177"><ele>323.579</ele><time>2026-09-27T08:43:03Z</time><speed>30.830</speed><sat>30</sat></trkpt>
  <trkpt lat="50.54650168" lon="14.00653677"><ele>322.871</ele><time>2026-09-27T08:43:04Z</time><speed>31.170</speed><sat>29</sat></trkpt>
  <trkpt lat="50.54668642" lon="14.00687403"><ele>322.284</ele><time>2026-09-27T08:43:05Z</time><speed>31.540</speed><sat>28</sat></trkpt>
  <trkpt lat="50.54687675" lon="14.00720875"><ele>321.815</ele><time>2026-09-27T08:43:06Z</time><speed>31.700</speed><sat>27</sat></trkpt>
  <trkpt lat="50.54707445" lon="14.00753478"><ele>321.200</ele><time>2026-09-27T08:43:07Z</time><speed>31.710</speed><sat>28</sat></trkpt>
  <trkpt lat="50.54727640" lon="14.00784608"><ele>320.879</ele><time>2026-09-27T08:43:08Z</time><speed>31.640</speed><sat>28</sat></trkpt>
  <trkpt lat="50.54748138" lon="14.00814989"><ele>320.419</ele><time>2026-09-27T08:43:09Z</time><speed>31.600</speed><sat>29</sat></trkpt>
  <trkpt lat="50.54769175" lon="14.00844596"><ele>319.910</ele><time>2026-09-27T08:43:10Z</time><speed>31.500</speed><sat>30</sat></trkpt>
  <trkpt lat="50.54790634" lon="14.00873262"><ele>319.572</ele><time>2026-09-27T08:43:11Z</time><speed>31.370</speed><sat>31</sat></trkpt>
  <trkpt lat="50.54812236" lon="14.00901018"><ele>319.348</ele><time>2026-09-27T08:43:12Z</time><speed>31.250</speed><sat>32</sat></trkpt>
  <trkpt lat="50.54834278" lon="14.00928346"><ele>318.980</ele><time>2026-09-27T08:43:13Z</time><speed>31.130</speed><sat>31</sat></trkpt>
  <trkpt lat="50.54857134" lon="14.00954255"><ele>319.056</ele><time>2026-09-27T08:43:14Z</time><speed>31.120</speed><sat>32</sat></trkpt>
  <trkpt lat="50.54879817" lon="14.00979275"><ele>318.761</ele><time>2026-09-27T08:43:15Z</time><speed>31.120</speed><sat>32</sat></trkpt>
  <trkpt lat="50.54903573" lon="14.01003451"><ele>318.676</ele><time>2026-09-27T08:43:16Z</time><speed>31.270</speed><sat>32</sat></trkpt>
  <trkpt lat="50.54927538" lon="14.01026666"><ele>318.731</ele><time>2026-09-27T08:43:17Z</time><speed>31.600</speed><sat>33</sat></trkpt>
  <trkpt lat="50.54952213" lon="14.01050011"><ele>318.965</ele><time>2026-09-27T08:43:18Z</time><speed>31.940</speed><sat>33</sat></trkpt>
  <trkpt lat="50.54977466" lon="14.01071873"><ele>318.941</ele><time>2026-09-27T08:43:19Z</time><speed>32.010</speed><sat>34</sat></trkpt>
  <trkpt lat="50.55002778" lon="14.01092805"><ele>319.055</ele><time>2026-09-27T08:43:20Z</time><speed>32.070</speed><sat>34</sat></trkpt>
  <trkpt lat="50.55028714" lon="14.01112785"><ele>318.905</ele><time>2026-09-27T08:43:21Z</time><speed>32.250</speed><sat>33</sat></trkpt>
  <trkpt lat="50.55055529" lon="14.01132218"><ele>318.763</ele><time>2026-09-27T08:43:22Z</time><speed>32.460</speed><sat>33</sat></trkpt>
  <trkpt lat="50.55082974" lon="14.01149054"><ele>318.654</ele><time>2026-09-27T08:43:23Z</time><speed>32.680</speed><sat>34</sat></trkpt>
  <trkpt lat="50.55110820" lon="14.01164214"><ele>318.694</ele><time>2026-09-27T08:43:24Z</time><speed>32.900</speed><sat>34</sat></trkpt>
  <trkpt lat="50.55139151" lon="14.01178253"><ele>318.801</ele><time>2026-09-27T08:43:25Z</time><speed>33.080</speed><sat>33</sat></trkpt>
  <trkpt lat="50.55167325" lon="14.01192513"><ele>318.751</ele><time>2026-09-27T08:43:26Z</time><speed>33.080</speed><sat>32</sat></trkpt>
  <trkpt lat="50.55196401" lon="14.01205616"><ele>318.715</ele><time>2026-09-27T08:43:27Z</time><speed>33.460</speed><sat>32</sat></trkpt>
  <trkpt lat="50.55225544" lon="14.01218875"><ele>318.940</ele><time>2026-09-27T08:43:28Z</time><speed>33.660</speed><sat>33</sat></trkpt>
  <trkpt lat="50.55254613" lon="14.01231087"><ele>318.857</ele><time>2026-09-27T08:43:29Z</time><speed>33.810</speed><sat>34</sat></trkpt>
  <trkpt lat="50.55284051" lon="14.01241981"><ele>319.478</ele><time>2026-09-27T08:43:30Z</time><speed>33.860</speed><sat>33</sat></trkpt>
  <trkpt lat="50.55313746" lon="14.01252381"><ele>319.933</ele><time>2026-09-27T08:43:31Z</time><speed>33.840</speed><sat>33</sat></trkpt>
  <trkpt lat="50.55343597" lon="14.01263238"><ele>320.031</ele><time>2026-09-27T08:43:32Z</time><speed>33.880</speed><sat>33</sat></trkpt>
  <trkpt lat="50.55373693" lon="14.01273435"><ele>320.131</ele><time>2026-09-27T08:43:33Z</time><speed>34.120</speed><sat>33</sat></trkpt>
  <trkpt lat="50.55403465" lon="14.01283718"><ele>319.957</ele><time>2026-09-27T08:43:34Z</time><speed>34.210</speed><sat>33</sat></trkpt>
  <trkpt lat="50.55433722" lon="14.01293984"><ele>320.912</ele><time>2026-09-27T08:43:35Z</time><speed>34.310</speed><sat>33</sat></trkpt>
  <trkpt lat="50.55464151" lon="14.01304474"><ele>321.197</ele><time>2026-09-27T08:43:36Z</time><speed>34.420</speed><sat>33</sat></trkpt>
  <trkpt lat="50.55494567" lon="14.01315011"><ele>321.732</ele><time>2026-09-27T08:43:37Z</time><speed>34.500</speed><sat>34</sat></trkpt>
  <trkpt lat="50.55525271" lon="14.01324765"><ele>322.380</ele><time>2026-09-27T08:43:38Z</time><speed>34.640</speed><sat>34</sat></trkpt>
  <trkpt lat="50.55555729" lon="14.01335162"><ele>322.625</ele><time>2026-09-27T08:43:39Z</time><speed>34.710</speed><sat>34</sat></trkpt>
  <trkpt lat="50.55586534" lon="14.01345368"><ele>323.083</ele><time>2026-09-27T08:43:40Z</time><speed>34.760</speed><sat>33</sat></trkpt>
  <trkpt lat="50.55616916" lon="14.01355706"><ele>323.625</ele><time>2026-09-27T08:43:41Z</time><speed>34.600</speed><sat>33</sat></trkpt>
  <trkpt lat="50.55646904" lon="14.01366178"><ele>324.024</ele><time>2026-09-27T08:43:42Z</time><speed>34.360</speed><sat>31</sat></trkpt>
  <trkpt lat="50.55676968" lon="14.01376799"><ele>324.259</ele><time>2026-09-27T08:43:43Z</time><speed>34.100</speed><sat>29</sat></trkpt>
  <trkpt lat="50.55706707" lon="14.01387109"><ele>324.862</ele><time>2026-09-27T08:43:44Z</time><speed>33.960</speed><sat>28</sat></trkpt>
  <trkpt lat="50.55736373" lon="14.01398392"><ele>325.487</ele><time>2026-09-27T08:43:45Z</time><speed>33.980</speed><sat>29</sat></trkpt>
  <trkpt lat="50.55766273" lon="14.01408576"><ele>326.385</ele><time>2026-09-27T08:43:46Z</time><speed>34.030</speed><sat>29</sat></trkpt>
  <trkpt lat="50.55796282" lon="14.01418708"><ele>326.759</ele><time>2026-09-27T08:43:47Z</time><speed>34.080</speed><sat>29</sat></trkpt>
  <trkpt lat="50.55826266" lon="14.01429147"><ele>327.337</ele><time>2026-09-27T08:43:48Z</time><speed>34.160</speed><sat>31</sat></trkpt>
  <trkpt lat="50.55856248" lon="14.01440751"><ele>327.717</ele><time>2026-09-27T08:43:49Z</time><speed>34.240</speed><sat>31</sat></trkpt>
  <trkpt lat="50.55886174" lon="14.01452006"><ele>328.260</ele><time>2026-09-27T08:43:50Z</time><speed>34.290</speed><sat>33</sat></trkpt>
  <trkpt lat="50.55916031" lon="14.01464271"><ele>328.873</ele><time>2026-09-27T08:43:51Z</time><speed>34.400</speed><sat>33</sat></trkpt>
  <trkpt lat="50.55945953" lon="14.01477181"><ele>329.487</ele><time>2026-09-27T08:43:52Z</time><speed>34.440</speed><sat>33</sat></trkpt>
  <trkpt lat="50.55975616" lon="14.01490316"><ele>330.121</ele><time>2026-09-27T08:43:53Z</time><speed>34.560</speed><sat>33</sat></trkpt>
  <trkpt lat="50.56005564" lon="14.01505669"><ele>330.649</ele><time>2026-09-27T08:43:54Z</time><speed>34.580</speed><sat>33</sat></trkpt>
  <trkpt lat="50.56034784" lon="14.01521873"><ele>331.363</ele><time>2026-09-27T08:43:55Z</time><speed>34.640</speed><sat>33</sat></trkpt>
  <trkpt lat="50.56064006" lon="14.01538917"><ele>331.906</ele><time>2026-09-27T08:43:56Z</time><speed>34.740</speed><sat>33</sat></trkpt>
  <trkpt lat="50.56093298" lon="14.01557123"><ele>332.399</ele><time>2026-09-27T08:43:57Z</time><speed>34.820</speed><sat>34</sat></trkpt>
  <trkpt lat="50.56122360" lon="14.01574724"><ele>333.075</ele><time>2026-09-27T08:43:58Z</time><speed>34.820</speed><sat>33</sat></trkpt>
  <trkpt lat="50.56151509" lon="14.01593014"><ele>333.752</ele><time>2026-09-27T08:43:59Z</time><speed>34.860</speed><sat>33</sat></trkpt>
  <trkpt lat="50.56180490" lon="14.01611026"><ele>334.228</ele><time>2026-09-27T08:44:00Z</time><speed>34.860</speed><sat>32</sat></trkpt>
  <trkpt lat="50.56210062" lon="14.01628569"><ele>334.587</ele><time>2026-09-27T08:44:01Z</time><speed>34.930</speed><sat>31</sat></trkpt>
  <trkpt lat="50.56239054" lon="14.01647325"><ele>334.932</ele><time>2026-09-27T08:44:02Z</time><speed>34.930</speed><sat>32</sat></trkpt>
  <trkpt lat="50.56268215" lon="14.01665926"><ele>335.380</ele><time>2026-09-27T08:44:03Z</time><speed>34.940</speed><sat>33</sat></trkpt>
  <trkpt lat="50.56297215" lon="14.01684451"><ele>335.806</ele><time>2026-09-27T08:44:04Z</time><speed>34.980</speed><sat>32</sat></trkpt>
  <trkpt lat="50.56326482" lon="14.01702893"><ele>336.332</ele><time>2026-09-27T08:44:05Z</time><speed>34.990</speed><sat>32</sat></trkpt>
  <trkpt lat="50.56355568" lon="14.01721457"><ele>336.689</ele><time>2026-09-27T08:44:06Z</time><speed>35.010</speed><sat>32</sat></trkpt>
  <trkpt lat="50.56384609" lon="14.01739949"><ele>337.147</ele><time>2026-09-27T08:44:07Z</time><speed>34.990</speed><sat>32</sat></trkpt>
  <trkpt lat="50.56413510" lon="14.01758307"><ele>337.048</ele><time>2026-09-27T08:44:08Z</time><speed>34.980</speed><sat>31</sat></trkpt>
  <trkpt lat="50.56442608" lon="14.01776913"><ele>337.526</ele><time>2026-09-27T08:44:09Z</time><speed>34.990</speed><sat>34</sat></trkpt>
  <trkpt lat="50.56472057" lon="14.01795460"><ele>337.797</ele><time>2026-09-27T08:44:10Z</time><speed>34.990</speed><sat>34</sat></trkpt>
  <trkpt lat="50.56501063" lon="14.01814311"><ele>338.219</ele><time>2026-09-27T08:44:11Z</time><speed>34.960</speed><sat>34</sat></trkpt>
  <trkpt lat="50.56530304" lon="14.01833061"><ele>338.649</ele><time>2026-09-27T08:44:12Z</time><speed>34.960</speed><sat>34</sat></trkpt>
  <trkpt lat="50.56559589" lon="14.01851057"><ele>338.973</ele><time>2026-09-27T08:44:13Z</time><speed>34.970</speed><sat>34</sat></trkpt>
  <trkpt lat="50.56588670" lon="14.01869199"><ele>339.327</ele><time>2026-09-27T08:44:14Z</time><speed>34.830</speed><sat>34</sat></trkpt>
  <trkpt lat="50.56618145" lon="14.01887626"><ele>339.841</ele><time>2026-09-27T08:44:15Z</time><speed>34.820</speed><sat>32</sat></trkpt>
  <trkpt lat="50.56647608" lon="14.01904943"><ele>339.935</ele><time>2026-09-27T08:44:16Z</time><speed>34.980</speed><sat>32</sat></trkpt>
  <trkpt lat="50.56677273" lon="14.01921606"><ele>340.284</ele><time>2026-09-27T08:44:17Z</time><speed>34.960</speed><sat>31</sat></trkpt>
  <trkpt lat="50.56706695" lon="14.01937890"><ele>340.477</ele><time>2026-09-27T08:44:18Z</time><speed>35.000</speed><sat>32</sat></trkpt>
  <trkpt lat="50.56736832" lon="14.01953782"><ele>340.813</ele><time>2026-09-27T08:44:19Z</time><speed>35.000</speed><sat>30</sat></trkpt>
  <trkpt lat="50.56766908" lon="14.01969363"><ele>341.417</ele><time>2026-09-27T08:44:20Z</time><speed>35.000</speed><sat>30</sat></trkpt>
  <trkpt lat="50.56797427" lon="14.01983079"><ele>341.853</ele><time>2026-09-27T08:44:21Z</time><speed>35.030</speed><sat>30</sat></trkpt>
  <trkpt lat="50.56827766" lon="14.01996123"><ele>341.789</ele><time>2026-09-27T08:44:22Z</time><speed>35.020</speed><sat>29</sat></trkpt>
  <trkpt lat="50.56858226" lon="14.02007968"><ele>341.709</ele><time>2026-09-27T08:44:23Z</time><speed>35.000</speed><sat>28</sat></trkpt>
  <trkpt lat="50.56888900" lon="14.02019479"><ele>341.481</ele><time>2026-09-27T08:44:24Z</time><speed>35.020</speed><sat>31</sat></trkpt>
  <trkpt lat="50.56919876" lon="14.02030230"><ele>341.476</ele><time>2026-09-27T08:44:25Z</time><speed>35.010</speed><sat>31</sat></trkpt>
  <trkpt lat="50.56950750" lon="14.02040320"><ele>341.499</ele><time>2026-09-27T08:44:26Z</time><speed>34.950</speed><sat>32</sat></trkpt>
  <trkpt lat="50.56981509" lon="14.02049894"><ele>341.323</ele><time>2026-09-27T08:44:27Z</time><speed>34.930</speed><sat>33</sat></trkpt>
  <trkpt lat="50.57012595" lon="14.02058413"><ele>341.176</ele><time>2026-09-27T08:44:28Z</time><speed>34.910</speed><sat>32</sat></trkpt>
  <trkpt lat="50.57043654" lon="14.02066341"><ele>341.384</ele><time>2026-09-27T08:44:29Z</time><speed>34.930</speed><sat>32</sat></trkpt>
  <trkpt lat="50.57074661" lon="14.02072670"><ele>341.597</ele><time>2026-09-27T08:44:30Z</time><speed>34.850</speed><sat>33</sat></trkpt>
  <trkpt lat="50.57105953" lon="14.02077762"><ele>341.793</ele><time>2026-09-27T08:44:31Z</time><speed>34.830</speed><sat>33</sat></trkpt>
  <trkpt lat="50.57136922" lon="14.02082721"><ele>342.012</ele><time>2026-09-27T08:44:32Z</time><speed>34.770</speed><sat>34</sat></trkpt>
  <trkpt lat="50.57168145" lon="14.02086378"><ele>342.204</ele><time>2026-09-27T08:44:33Z</time><speed>34.750</speed><sat>35</sat></trkpt>
  <trkpt lat="50.57199534" lon="14.02089227"><ele>342.303</ele><time>2026-09-27T08:44:34Z</time><speed>34.720</speed><sat>35</sat></trkpt>
  <trkpt lat="50.57230897" lon="14.02090918"><ele>342.787</ele><time>2026-09-27T08:44:35Z</time><speed>34.710</speed><sat>36</sat></trkpt>
  <trkpt lat="50.57261893" lon="14.02092282"><ele>342.807</ele><time>2026-09-27T08:44:36Z</time><speed>34.720</speed><sat>36</sat></trkpt>
  <trkpt lat="50.57293205" lon="14.02092362"><ele>343.152</ele><time>2026-09-27T08:44:37Z</time><speed>34.720</speed><sat>36</sat></trkpt>
  <trkpt lat="50.57324585" lon="14.02091506"><ele>343.635</ele><time>2026-09-27T08:44:38Z</time><speed>34.780</speed><sat>36</sat></trkpt>
  <trkpt lat="50.57356130" lon="14.02088861"><ele>344.137</ele><time>2026-09-27T08:44:39Z</time><speed>34.790</speed><sat>36</sat></trkpt>
  <trkpt lat="50.57387489" lon="14.02085354"><ele>344.318</ele><time>2026-09-27T08:44:40Z</time><speed>34.770</speed><sat>36</sat></trkpt>
  <trkpt lat="50.57418415" lon="14.02079662"><ele>344.409</ele><time>2026-09-27T08:44:41Z</time><speed>34.810</speed><sat>35</sat></trkpt>
  <trkpt lat="50.57449439" lon="14.02072704"><ele>344.352</ele><time>2026-09-27T08:44:42Z</time><speed>34.820</speed><sat>35</sat></trkpt>
  <trkpt lat="50.57480275" lon="14.02063214"><ele>344.746</ele><time>2026-09-27T08:44:43Z</time><speed>34.820</speed><sat>35</sat></trkpt>
  <trkpt lat="50.57510737" lon="14.02052337"><ele>345.088</ele><time>2026-09-27T08:44:44Z</time><speed>34.800</speed><sat>34</sat></trkpt>
  <trkpt lat="50.57540912" lon="14.02039281"><ele>345.824</ele><time>2026-09-27T08:44:45Z</time><speed>34.760</speed><sat>35</sat></trkpt>
  <trkpt lat="50.57570701" lon="14.02025272"><ele>346.664</ele><time>2026-09-27T08:44:46Z</time><speed>34.740</speed><sat>36</sat></trkpt>
  <trkpt lat="50.57600144" lon="14.02009881"><ele>347.241</ele><time>2026-09-27T08:44:47Z</time><speed>34.500</speed><sat>35</sat></trkpt>
  <trkpt lat="50.57628378" lon="14.01993189"><ele>348.291</ele><time>2026-09-27T08:44:48Z</time><speed>33.870</speed><sat>35</sat></trkpt>
  <trkpt lat="50.57655417" lon="14.01975349"><ele>348.915</ele><time>2026-09-27T08:44:49Z</time><speed>33.040</speed><sat>35</sat></trkpt>
  <trkpt lat="50.57681457" lon="14.01956697"><ele>349.830</ele><time>2026-09-27T08:44:50Z</time><speed>31.940</speed><sat>35</sat></trkpt>
  <trkpt lat="50.57706208" lon="14.01937046"><ele>350.349</ele><time>2026-09-27T08:44:51Z</time><speed>30.770</speed><sat>35</sat></trkpt>
  <trkpt lat="50.57729649" lon="14.01917594"><ele>351.100</ele><time>2026-09-27T08:44:52Z</time><speed>29.730</speed><sat>34</sat></trkpt>
  <trkpt lat="50.57752239" lon="14.01897631"><ele>351.689</ele><time>2026-09-27T08:44:53Z</time><speed>28.880</speed><sat>34</sat></trkpt>
  <trkpt lat="50.57773922" lon="14.01877478"><ele>352.649</ele><time>2026-09-27T08:44:54Z</time><speed>28.200</speed><sat>34</sat></trkpt>
  <trkpt lat="50.57794835" lon="14.01857047"><ele>353.529</ele><time>2026-09-27T08:44:55Z</time><speed>27.570</speed><sat>34</sat></trkpt>
  <trkpt lat="50.57814356" lon="14.01836630"><ele>354.116</ele><time>2026-09-27T08:44:56Z</time><speed>26.400</speed><sat>34</sat></trkpt>
  <trkpt lat="50.57831119" lon="14.01817433"><ele>354.617</ele><time>2026-09-27T08:44:57Z</time><speed>23.410</speed><sat>33</sat></trkpt>
  <trkpt lat="50.57845718" lon="14.01800134"><ele>355.641</ele><time>2026-09-27T08:44:58Z</time><speed>20.360</speed><sat>34</sat></trkpt>
  <trkpt lat="50.57859008" lon="14.01783346"><ele>356.428</ele><time>2026-09-27T08:44:59Z</time><speed>18.930</speed><sat>34</sat></trkpt>
  <trkpt lat="50.57872624" lon="14.01766331"><ele>356.872</ele><time>2026-09-27T08:45:00Z</time><speed>19.220</speed><sat>33</sat></trkpt>
  <trkpt lat="50.57885607" lon="14.01749354"><ele>357.091</ele><time>2026-09-27T08:45:01Z</time><speed>18.710</speed><sat>33</sat></trkpt>
  <trkpt lat="50.57898535" lon="14.01732482"><ele>357.175</ele><time>2026-09-27T08:45:02Z</time><speed>18.700</speed><sat>29</sat></trkpt>
  <trkpt lat="50.58064892" lon="14.01432162"><ele>363.994</ele><time>2026-09-27T08:45:17Z</time><speed>20.180</speed><sat>21</sat></trkpt>
  <trkpt lat="50.58073483" lon="14.01405264"><ele>366.104</ele><time>2026-09-27T08:45:18Z</time><speed>20.320</speed><sat>21</sat></trkpt>
  <trkpt lat="50.58082481" lon="14.01379714"><ele>367.904</ele><time>2026-09-27T08:45:19Z</time><speed>20.240</speed><sat>24</sat></trkpt>
  <trkpt lat="50.58091515" lon="14.01357170"><ele>367.289</ele><time>2026-09-27T08:45:20Z</time><speed>19.970</speed><sat>29</sat></trkpt>
  <trkpt lat="50.58100050" lon="14.01334037"><ele>367.345</ele><time>2026-09-27T08:45:21Z</time><speed>19.610</speed><sat>29</sat></trkpt>
  <trkpt lat="50.58108605" lon="14.01309385"><ele>369.407</ele><time>2026-09-27T08:45:22Z</time><speed>19.340</speed><sat>29</sat></trkpt>
  <trkpt lat="50.58117075" lon="14.01285427"><ele>369.569</ele><time>2026-09-27T08:45:23Z</time><speed>19.190</speed><sat>29</sat></trkpt>
  <trkpt lat="50.58125158" lon="14.01261359"><ele>370.372</ele><time>2026-09-27T08:45:24Z</time><speed>19.150</speed><sat>29</sat></trkpt>
  <trkpt lat="50.58133252" lon="14.01237171"><ele>371.066</ele><time>2026-09-27T08:45:25Z</time><speed>19.150</speed><sat>29</sat></trkpt>
  <trkpt lat="50.58141628" lon="14.01212312"><ele>371.909</ele><time>2026-09-27T08:45:26Z</time><speed>19.600</speed><sat>28</sat></trkpt>
  <trkpt lat="50.58149644" lon="14.01187670"><ele>372.008</ele><time>2026-09-27T08:45:27Z</time><speed>19.590</speed><sat>27</sat></trkpt>
  <trkpt lat="50.58157340" lon="14.01162852"><ele>372.065</ele><time>2026-09-27T08:45:28Z</time><speed>19.560</speed><sat>26</sat></trkpt>
  <trkpt lat="50.58432238" lon="14.00336809"><ele>386.694</ele><time>2026-09-27T08:46:02Z</time><speed>22.440</speed><sat>31</sat></trkpt>
  <trkpt lat="50.58441806" lon="14.00306723"><ele>386.525</ele><time>2026-09-27T08:46:03Z</time><speed>23.350</speed><sat>33</sat></trkpt>
  <trkpt lat="50.58451931" lon="14.00275879"><ele>385.346</ele><time>2026-09-27T08:46:04Z</time><speed>24.330</speed><sat>33</sat></trkpt>
  <trkpt lat="50.58463058" lon="14.00244278"><ele>383.896</ele><time>2026-09-27T08:46:05Z</time><speed>25.430</speed><sat>33</sat></trkpt>
  <trkpt lat="50.58474365" lon="14.00212903"><ele>383.286</ele><time>2026-09-27T08:46:06Z</time><speed>26.220</speed><sat>33</sat></trkpt>
  <trkpt lat="50.58485223" lon="14.00180303"><ele>383.126</ele><time>2026-09-27T08:46:07Z</time><speed>26.490</speed><sat>33</sat></trkpt>
  <trkpt lat="50.58496315" lon="14.00146883"><ele>382.262</ele><time>2026-09-27T08:46:08Z</time><speed>26.690</speed><sat>32</sat></trkpt>
  <trkpt lat="50.58506947" lon="14.00112909"><ele>381.434</ele><time>2026-09-27T08:46:09Z</time><speed>26.950</speed><sat>30</sat></trkpt>
  <trkpt lat="50.58517482" lon="14.00077995"><ele>380.399</ele><time>2026-09-27T08:46:10Z</time><speed>27.320</speed><sat>30</sat></trkpt>
  <trkpt lat="50.58528363" lon="14.00042969"><ele>379.676</ele><time>2026-09-27T08:46:11Z</time><speed>27.560</speed><sat>31</sat></trkpt>
  <trkpt lat="50.58539142" lon="14.00007421"><ele>379.288</ele><time>2026-09-27T08:46:12Z</time><speed>27.800</speed><sat>32</sat></trkpt>
  <trkpt lat="50.58549639" lon="13.99971076"><ele>378.432</ele><time>2026-09-27T08:46:13Z</time><speed>28.140</speed><sat>30</sat></trkpt>
  <trkpt lat="50.58560215" lon="13.99935192"><ele>377.909</ele><time>2026-09-27T08:46:14Z</time><speed>28.380</speed><sat>30</sat></trkpt>
  <trkpt lat="50.58568617" lon="13.99897197"><ele>375.899</ele><time>2026-09-27T08:46:15Z</time><speed>28.640</speed><sat>32</sat></trkpt>
  <trkpt lat="50.58578130" lon="13.99858414"><ele>375.829</ele><time>2026-09-27T08:46:16Z</time><speed>28.880</speed><sat>34</sat></trkpt>
  <trkpt lat="50.58586715" lon="13.99819261"><ele>374.458</ele><time>2026-09-27T08:46:17Z</time><speed>29.110</speed><sat>34</sat></trkpt>
  <trkpt lat="50.58595312" lon="13.99780682"><ele>373.858</ele><time>2026-09-27T08:46:18Z</time><speed>29.320</speed><sat>34</sat></trkpt>
  <trkpt lat="50.58602949" lon="13.99740197"><ele>372.833</ele><time>2026-09-27T08:46:19Z</time><speed>29.500</speed><sat>34</sat></trkpt>
  <trkpt lat="50.58610256" lon="13.99700565"><ele>372.057</ele><time>2026-09-27T08:46:20Z</time><speed>29.590</speed><sat>34</sat></trkpt>
  <trkpt lat="50.58616930" lon="13.99660088"><ele>371.229</ele><time>2026-09-27T08:46:21Z</time><speed>29.460</speed><sat>34</sat></trkpt>
  <trkpt lat="50.58623144" lon="13.99619579"><ele>370.684</ele><time>2026-09-27T08:46:22Z</time><speed>29.290</speed><sat>34</sat></trkpt>
  <trkpt lat="50.58629144" lon="13.99579469"><ele>370.070</ele><time>2026-09-27T08:46:23Z</time><speed>29.110</speed><sat>32</sat></trkpt>
  <trkpt lat="50.58634418" lon="13.99539897"><ele>369.293</ele><time>2026-09-27T08:46:24Z</time><speed>28.990</speed><sat>29</sat></trkpt>
  <trkpt lat="50.58639125" lon="13.99500089"><ele>368.467</ele><time>2026-09-27T08:46:25Z</time><speed>28.840</speed><sat>30</sat></trkpt>
  <trkpt lat="50.58643015" lon="13.99460289"><ele>367.398</ele><time>2026-09-27T08:46:26Z</time><speed>28.720</speed><sat>31</sat></trkpt>
  <trkpt lat="50.58646744" lon="13.99420475"><ele>366.337</ele><time>2026-09-27T08:46:27Z</time><speed>28.710</speed><sat>31</sat></trkpt>
  <trkpt lat="50.58650042" lon="13.99380177"><ele>365.645</ele><time>2026-09-27T08:46:28Z</time><speed>28.770</speed><sat>32</sat></trkpt>
  <trkpt lat="50.58653159" lon="13.99339169"><ele>364.787</ele><time>2026-09-27T08:46:29Z</time><speed>28.900</speed><sat>32</sat></trkpt>
  <trkpt lat="50.58655710" lon="13.99298225"><ele>364.123</ele><time>2026-09-27T08:46:30Z</time><speed>28.930</speed><sat>32</sat></trkpt>
  <trkpt lat="50.58657442" lon="13.99257191"><ele>363.283</ele><time>2026-09-27T08:46:31Z</time><speed>28.980</speed><sat>33</sat></trkpt>
  <trkpt lat="50.58658988" lon="13.99216051"><ele>362.456</ele><time>2026-09-27T08:46:32Z</time><speed>29.060</speed><sat>32</sat></trkpt>
  <trkpt lat="50.58660538" lon="13.99175085"><ele>361.395</ele><time>2026-09-27T08:46:33Z</time><speed>29.140</speed><sat>32</sat></trkpt>
  <trkpt lat="50.58661821" lon="13.99133842"><ele>360.513</ele><time>2026-09-27T08:46:34Z</time><speed>29.210</speed><sat>31</sat></trkpt>
  <trkpt lat="50.58662899" lon="13.99092170"><ele>359.679</ele><time>2026-09-27T08:46:35Z</time><speed>29.300</speed><sat>31</sat></trkpt>
  <trkpt lat="50.58664384" lon="13.99051215"><ele>358.600</ele><time>2026-09-27T08:46:36Z</time><speed>29.430</speed><sat>31</sat></trkpt>
  <trkpt lat="50.58665902" lon="13.99008407"><ele>357.922</ele><time>2026-09-27T08:46:37Z</time><speed>29.800</speed><sat>30</sat></trkpt>
  <trkpt lat="50.58667628" lon="13.98965529"><ele>356.863</ele><time>2026-09-27T08:46:38Z</time><speed>30.390</speed><sat>31</sat></trkpt>
  <trkpt lat="50.58669599" lon="13.98921638"><ele>356.095</ele><time>2026-09-27T08:46:39Z</time><speed>31.100</speed><sat>31</sat></trkpt>
  <trkpt lat="50.58672226" lon="13.98876913"><ele>355.489</ele><time>2026-09-27T08:46:40Z</time><speed>31.520</speed><sat>31</sat></trkpt>
  <trkpt lat="50.58675200" lon="13.98832278"><ele>354.546</ele><time>2026-09-27T08:46:41Z</time><speed>31.790</speed><sat>31</sat></trkpt>
  <trkpt lat="50.58678736" lon="13.98787371"><ele>353.897</ele><time>2026-09-27T08:46:42Z</time><speed>32.040</speed><sat>32</sat></trkpt>
  <trkpt lat="50.58683179" lon="13.98742068"><ele>353.302</ele><time>2026-09-27T08:46:43Z</time><speed>32.260</speed><sat>33</sat></trkpt>
  <trkpt lat="50.58688721" lon="13.98697830"><ele>352.377</ele><time>2026-09-27T08:46:44Z</time><speed>32.370</speed><sat>34</sat></trkpt>
  <trkpt lat="50.58694610" lon="13.98652861"><ele>351.324</ele><time>2026-09-27T08:46:45Z</time><speed>32.410</speed><sat>33</sat></trkpt>
  <trkpt lat="50.58701389" lon="13.98609011"><ele>350.178</ele><time>2026-09-27T08:46:46Z</time><speed>32.440</speed><sat>33</sat></trkpt>
  <trkpt lat="50.58708867" lon="13.98564939"><ele>349.249</ele><time>2026-09-27T08:46:47Z</time><speed>32.420</speed><sat>33</sat></trkpt>
  <trkpt lat="50.58717536" lon="13.98520672"><ele>348.646</ele><time>2026-09-27T08:46:48Z</time><speed>32.490</speed><sat>33</sat></trkpt>
  <trkpt lat="50.58726668" lon="13.98477299"><ele>347.817</ele><time>2026-09-27T08:46:49Z</time><speed>32.460</speed><sat>32</sat></trkpt>
  <trkpt lat="50.58736715" lon="13.98434065"><ele>346.977</ele><time>2026-09-27T08:46:50Z</time><speed>32.420</speed><sat>31</sat></trkpt>
  <trkpt lat="50.58747170" lon="13.98391309"><ele>346.469</ele><time>2026-09-27T08:46:51Z</time><speed>32.390</speed><sat>32</sat></trkpt>
  <trkpt lat="50.58758306" lon="13.98348960"><ele>345.873</ele><time>2026-09-27T08:46:52Z</time><speed>32.360</speed><sat>32</sat></trkpt>
  <trkpt lat="50.58770080" lon="13.98306624"><ele>345.541</ele><time>2026-09-27T08:46:53Z</time><speed>32.280</speed><sat>33</sat></trkpt>
  <trkpt lat="50.58782952" lon="13.98265653"><ele>344.633</ele><time>2026-09-27T08:46:54Z</time><speed>32.190</speed><sat>33</sat></trkpt>
  <trkpt lat="50.58795959" lon="13.98225142"><ele>344.012</ele><time>2026-09-27T08:46:55Z</time><speed>32.070</speed><sat>33</sat></trkpt>
  <trkpt lat="50.58809537" lon="13.98186246"><ele>343.358</ele><time>2026-09-27T08:46:56Z</time><speed>31.870</speed><sat>33</sat></trkpt>
  <trkpt lat="50.58823821" lon="13.98146884"><ele>342.896</ele><time>2026-09-27T08:46:57Z</time><speed>31.770</speed><sat>33</sat></trkpt>
  <trkpt lat="50.58838507" lon="13.98109306"><ele>341.824</ele><time>2026-09-27T08:46:58Z</time><speed>31.530</speed><sat>34</sat></trkpt>
  <trkpt lat="50.58853803" lon="13.98072070"><ele>340.839</ele><time>2026-09-27T08:46:59Z</time><speed>31.280</speed><sat>34</sat></trkpt>
  <trkpt lat="50.58869170" lon="13.98034715"><ele>340.215</ele><time>2026-09-27T08:47:00Z</time><speed>31.490</speed><sat>34</sat></trkpt>
  <trkpt lat="50.58885308" lon="13.97998196"><ele>339.198</ele><time>2026-09-27T08:47:01Z</time><speed>31.570</speed><sat>34</sat></trkpt>
  <trkpt lat="50.58902074" lon="13.97961958"><ele>338.186</ele><time>2026-09-27T08:47:02Z</time><speed>31.650</speed><sat>34</sat></trkpt>
  <trkpt lat="50.58919788" lon="13.97927071"><ele>337.256</ele><time>2026-09-27T08:47:03Z</time><speed>31.650</speed><sat>35</sat></trkpt>
  <trkpt lat="50.58938186" lon="13.97893107"><ele>336.264</ele><time>2026-09-27T08:47:04Z</time><speed>31.490</speed><sat>36</sat></trkpt>
  <trkpt lat="50.58956850" lon="13.97859608"><ele>335.532</ele><time>2026-09-27T08:47:05Z</time><speed>31.410</speed><sat>37</sat></trkpt>
  <trkpt lat="50.58975710" lon="13.97826395"><ele>334.529</ele><time>2026-09-27T08:47:06Z</time><speed>31.420</speed><sat>37</sat></trkpt>
  <trkpt lat="50.58994930" lon="13.97793381"><ele>333.611</ele><time>2026-09-27T08:47:07Z</time><speed>31.560</speed><sat>37</sat></trkpt>
  <trkpt lat="50.59014613" lon="13.97760948"><ele>332.770</ele><time>2026-09-27T08:47:08Z</time><speed>31.700</speed><sat>37</sat></trkpt>
  <trkpt lat="50.59035132" lon="13.97729573"><ele>331.891</ele><time>2026-09-27T08:47:09Z</time><speed>31.840</speed><sat>35</sat></trkpt>
  <trkpt lat="50.59056248" lon="13.97698909"><ele>330.899</ele><time>2026-09-27T08:47:10Z</time><speed>31.990</speed><sat>35</sat></trkpt>
  <trkpt lat="50.59078002" lon="13.97669441"><ele>330.048</ele><time>2026-09-27T08:47:11Z</time><speed>32.100</speed><sat>35</sat></trkpt>
  <trkpt lat="50.59100418" lon="13.97640996"><ele>328.869</ele><time>2026-09-27T08:47:12Z</time><speed>32.190</speed><sat>36</sat></trkpt>
  <trkpt lat="50.59123395" lon="13.97613600"><ele>327.688</ele><time>2026-09-27T08:47:13Z</time><speed>32.270</speed><sat>36</sat></trkpt>
  <trkpt lat="50.59147074" lon="13.97587613"><ele>326.612</ele><time>2026-09-27T08:47:14Z</time><speed>32.360</speed><sat>36</sat></trkpt>
  <trkpt lat="50.59171353" lon="13.97562057"><ele>325.425</ele><time>2026-09-27T08:47:15Z</time><speed>32.460</speed><sat>36</sat></trkpt>
  <trkpt lat="50.59196072" lon="13.97537531"><ele>324.209</ele><time>2026-09-27T08:47:16Z</time><speed>32.480</speed><sat>36</sat></trkpt>
  <trkpt lat="50.59221263" lon="13.97514194"><ele>322.955</ele><time>2026-09-27T08:47:17Z</time><speed>32.430</speed><sat>35</sat></trkpt>
  <trkpt lat="50.59246885" lon="13.97492848"><ele>321.767</ele><time>2026-09-27T08:47:18Z</time><speed>32.420</speed><sat>35</sat></trkpt>
  <trkpt lat="50.59272726" lon="13.97472223"><ele>320.483</ele><time>2026-09-27T08:47:19Z</time><speed>32.420</speed><sat>34</sat></trkpt>
  <trkpt lat="50.59299254" lon="13.97453186"><ele>319.119</ele><time>2026-09-27T08:47:20Z</time><speed>32.420</speed><sat>33</sat></trkpt>
  <trkpt lat="50.59326020" lon="13.97434757"><ele>317.733</ele><time>2026-09-27T08:47:21Z</time><speed>32.460</speed><sat>33</sat></trkpt>
  <trkpt lat="50.59353111" lon="13.97417448"><ele>317.295</ele><time>2026-09-27T08:47:22Z</time><speed>32.470</speed><sat>34</sat></trkpt>
  <trkpt lat="50.59380148" lon="13.97399391"><ele>315.945</ele><time>2026-09-27T08:47:23Z</time><speed>32.610</speed><sat>35</sat></trkpt>
  <trkpt lat="50.59407146" lon="13.97381650"><ele>314.464</ele><time>2026-09-27T08:47:24Z</time><speed>32.470</speed><sat>35</sat></trkpt>
  <trkpt lat="50.59434399" lon="13.97364813"><ele>313.338</ele><time>2026-09-27T08:47:25Z</time><speed>32.440</speed><sat>35</sat></trkpt>
  <trkpt lat="50.59461615" lon="13.97347960"><ele>312.115</ele><time>2026-09-27T08:47:26Z</time><speed>32.420</speed><sat>35</sat></trkpt>
  <trkpt lat="50.59488861" lon="13.97330686"><ele>310.675</ele><time>2026-09-27T08:47:27Z</time><speed>32.370</speed><sat>35</sat></trkpt>
  <trkpt lat="50.59515633" lon="13.97313476"><ele>309.223</ele><time>2026-09-27T08:47:28Z</time><speed>32.320</speed><sat>34</sat></trkpt>
  <trkpt lat="50.59542338" lon="13.97296086"><ele>307.605</ele><time>2026-09-27T08:47:29Z</time><speed>32.330</speed><sat>33</sat></trkpt>
  <trkpt lat="50.59568976" lon="13.97278802"><ele>306.047</ele><time>2026-09-27T08:47:30Z</time><speed>32.320</speed><sat>31</sat></trkpt>
  <trkpt lat="50.59595504" lon="13.97260397"><ele>304.612</ele><time>2026-09-27T08:47:31Z</time><speed>32.300</speed><sat>31</sat></trkpt>
  <trkpt lat="50.59621935" lon="13.97241231"><ele>303.163</ele><time>2026-09-27T08:47:32Z</time><speed>32.330</speed><sat>31</sat></trkpt>
  <trkpt lat="50.59648117" lon="13.97221910"><ele>301.718</ele><time>2026-09-27T08:47:33Z</time><speed>32.340</speed><sat>28</sat></trkpt>
  <trkpt lat="50.59674251" lon="13.97201505"><ele>300.628</ele><time>2026-09-27T08:47:34Z</time><speed>32.360</speed><sat>29</sat></trkpt>
  <trkpt lat="50.59699774" lon="13.97180035"><ele>299.055</ele><time>2026-09-27T08:47:35Z</time><speed>32.340</speed><sat>31</sat></trkpt>
  <trkpt lat="50.59725286" lon="13.97157822"><ele>297.764</ele><time>2026-09-27T08:47:36Z</time><speed>32.360</speed><sat>32</sat></trkpt>
  <trkpt lat="50.59750286" lon="13.97134842"><ele>296.474</ele><time>2026-09-27T08:47:37Z</time><speed>32.340</speed><sat>33</sat></trkpt>
  <trkpt lat="50.59775182" lon="13.97110876"><ele>294.911</ele><time>2026-09-27T08:47:38Z</time><speed>32.330</speed><sat>34</sat></trkpt>
  <trkpt lat="50.59799696" lon="13.97086402"><ele>293.590</ele><time>2026-09-27T08:47:39Z</time><speed>32.340</speed><sat>35</sat></trkpt>
  <trkpt lat="50.59823788" lon="13.97061525"><ele>292.157</ele><time>2026-09-27T08:47:40Z</time><speed>32.340</speed><sat>36</sat></trkpt>
  <trkpt lat="50.59847820" lon="13.97035044"><ele>290.847</ele><time>2026-09-27T08:47:41Z</time><speed>32.320</speed><sat>36</sat></trkpt>
  <trkpt lat="50.59871002" lon="13.97007764"><ele>289.478</ele><time>2026-09-27T08:47:42Z</time><speed>32.330</speed><sat>36</sat></trkpt>
  <trkpt lat="50.59893813" lon="13.96979806"><ele>287.755</ele><time>2026-09-27T08:47:43Z</time><speed>32.350</speed><sat>36</sat></trkpt>
  <trkpt lat="50.59916805" lon="13.96951633"><ele>286.427</ele><time>2026-09-27T08:47:44Z</time><speed>32.330</speed><sat>36</sat></trkpt>
  <trkpt lat="50.59939058" lon="13.96921873"><ele>284.786</ele><time>2026-09-27T08:47:45Z</time><speed>32.360</speed><sat>34</sat></trkpt>
  <trkpt lat="50.59960769" lon="13.96891464"><ele>283.353</ele><time>2026-09-27T08:47:46Z</time><speed>32.370</speed><sat>34</sat></trkpt>
  <trkpt lat="50.59982449" lon="13.96860884"><ele>281.929</ele><time>2026-09-27T08:47:47Z</time><speed>32.360</speed><sat>34</sat></trkpt>
  <trkpt lat="50.60003617" lon="13.96829674"><ele>280.392</ele><time>2026-09-27T08:47:48Z</time><speed>32.350</speed><sat>33</sat></trkpt>
  <trkpt lat="50.60024380" lon="13.96797515"><ele>278.744</ele><time>2026-09-27T08:47:49Z</time><speed>32.330</speed><sat>33</sat></trkpt>
  <trkpt lat="50.60044683" lon="13.96764866"><ele>277.428</ele><time>2026-09-27T08:47:50Z</time><speed>32.270</speed><sat>33</sat></trkpt>
  <trkpt lat="50.60064759" lon="13.96731770"><ele>276.163</ele><time>2026-09-27T08:47:51Z</time><speed>32.260</speed><sat>34</sat></trkpt>
  <trkpt lat="50.60084794" lon="13.96699348"><ele>274.759</ele><time>2026-09-27T08:47:52Z</time><speed>32.250</speed><sat>35</sat></trkpt>
  <trkpt lat="50.60104950" lon="13.96667043"><ele>272.983</ele><time>2026-09-27T08:47:53Z</time><speed>32.260</speed><sat>35</sat></trkpt>
  <trkpt lat="50.60124845" lon="13.96633549"><ele>272.001</ele><time>2026-09-27T08:47:54Z</time><speed>32.310</speed><sat>35</sat></trkpt>
  <trkpt lat="50.60144995" lon="13.96600601"><ele>270.426</ele><time>2026-09-27T08:47:55Z</time><speed>32.390</speed><sat>35</sat></trkpt>
  <trkpt lat="50.60165067" lon="13.96567384"><ele>268.504</ele><time>2026-09-27T08:47:56Z</time><speed>32.480</speed><sat>35</sat></trkpt>
  <trkpt lat="50.60185454" lon="13.96534795"><ele>267.435</ele><time>2026-09-27T08:47:57Z</time><speed>32.430</speed><sat>36</sat></trkpt>
  <trkpt lat="50.60206054" lon="13.96502420"><ele>266.434</ele><time>2026-09-27T08:47:58Z</time><speed>32.450</speed><sat>36</sat></trkpt>
  <trkpt lat="50.60227476" lon="13.96470695"><ele>264.659</ele><time>2026-09-27T08:47:59Z</time><speed>32.460</speed><sat>36</sat></trkpt>
  <trkpt lat="50.60249496" lon="13.96440894"><ele>262.923</ele><time>2026-09-27T08:48:00Z</time><speed>32.470</speed><sat>36</sat></trkpt>
  <trkpt lat="50.60271756" lon="13.96411250"><ele>261.048</ele><time>2026-09-27T08:48:01Z</time><speed>32.510</speed><sat>36</sat></trkpt>
  <trkpt lat="50.60295089" lon="13.96383031"><ele>260.026</ele><time>2026-09-27T08:48:02Z</time><speed>32.510</speed><sat>36</sat></trkpt>
  <trkpt lat="50.60318906" lon="13.96355445"><ele>258.120</ele><time>2026-09-27T08:48:03Z</time><speed>32.540</speed><sat>36</sat></trkpt>
  <trkpt lat="50.60342844" lon="13.96328559"><ele>256.830</ele><time>2026-09-27T08:48:04Z</time><speed>32.530</speed><sat>36</sat></trkpt>
  <trkpt lat="50.60367234" lon="13.96303537"><ele>255.601</ele><time>2026-09-27T08:48:05Z</time><speed>32.570</speed><sat>34</sat></trkpt>
  <trkpt lat="50.60391715" lon="13.96278754"><ele>254.111</ele><time>2026-09-27T08:48:06Z</time><speed>32.560</speed><sat>33</sat></trkpt>
  <trkpt lat="50.60416716" lon="13.96254294"><ele>252.747</ele><time>2026-09-27T08:48:07Z</time><speed>32.540</speed><sat>34</sat></trkpt>
  <trkpt lat="50.60442257" lon="13.96232287"><ele>251.518</ele><time>2026-09-27T08:48:08Z</time><speed>32.670</speed><sat>34</sat></trkpt>
  <trkpt lat="50.60468868" lon="13.96211804"><ele>250.327</ele><time>2026-09-27T08:48:09Z</time><speed>32.850</speed><sat>34</sat></trkpt>
  <trkpt lat="50.60495929" lon="13.96191753"><ele>249.869</ele><time>2026-09-27T08:48:10Z</time><speed>33.050</speed><sat>34</sat></trkpt>
  <trkpt lat="50.60523085" lon="13.96174504"><ele>248.377</ele><time>2026-09-27T08:48:11Z</time><speed>32.800</speed><sat>35</sat></trkpt>
  <trkpt lat="50.60550754" lon="13.96158355"><ele>247.304</ele><time>2026-09-27T08:48:12Z</time><speed>32.760</speed><sat>35</sat></trkpt>
  <trkpt lat="50.60578769" lon="13.96143834"><ele>246.354</ele><time>2026-09-27T08:48:13Z</time><speed>32.680</speed><sat>34</sat></trkpt>
  <trkpt lat="50.60607050" lon="13.96131527"><ele>245.406</ele><time>2026-09-27T08:48:14Z</time><speed>32.610</speed><sat>33</sat></trkpt>
  <trkpt lat="50.60635380" lon="13.96121036"><ele>244.437</ele><time>2026-09-27T08:48:15Z</time><speed>32.480</speed><sat>32</sat></trkpt>
  <trkpt lat="50.60664159" lon="13.96112139"><ele>243.556</ele><time>2026-09-27T08:48:16Z</time><speed>32.440</speed><sat>31</sat></trkpt>
  <trkpt lat="50.60693076" lon="13.96106198"><ele>242.249</ele><time>2026-09-27T08:48:17Z</time><speed>32.300</speed><sat>31</sat></trkpt>
  <trkpt lat="50.60721874" lon="13.96101103"><ele>240.615</ele><time>2026-09-27T08:48:18Z</time><speed>32.120</speed><sat>32</sat></trkpt>
  <trkpt lat="50.60750492" lon="13.96097533"><ele>239.715</ele><time>2026-09-27T08:48:19Z</time><speed>31.950</speed><sat>32</sat></trkpt>
  <trkpt lat="50.60778941" lon="13.96095419"><ele>238.361</ele><time>2026-09-27T08:48:20Z</time><speed>31.790</speed><sat>32</sat></trkpt>
  <trkpt lat="50.60807541" lon="13.96096168"><ele>236.902</ele><time>2026-09-27T08:48:21Z</time><speed>31.570</speed><sat>33</sat></trkpt>
  <trkpt lat="50.60836148" lon="13.96099053"><ele>235.487</ele><time>2026-09-27T08:48:22Z</time><speed>31.530</speed><sat>34</sat></trkpt>
  <trkpt lat="50.60864291" lon="13.96103054"><ele>234.272</ele><time>2026-09-27T08:48:23Z</time><speed>31.440</speed><sat>36</sat></trkpt>
  <trkpt lat="50.60892030" lon="13.96109209"><ele>232.877</ele><time>2026-09-27T08:48:24Z</time><speed>31.260</speed><sat>36</sat></trkpt>
  <trkpt lat="50.60919524" lon="13.96116460"><ele>231.905</ele><time>2026-09-27T08:48:25Z</time><speed>31.130</speed><sat>36</sat></trkpt>
  <trkpt lat="50.60946666" lon="13.96125125"><ele>230.917</ele><time>2026-09-27T08:48:26Z</time><speed>31.000</speed><sat>36</sat></trkpt>
  <trkpt lat="50.60973604" lon="13.96134441"><ele>229.918</ele><time>2026-09-27T08:48:27Z</time><speed>30.800</speed><sat>36</sat></trkpt>
  <trkpt lat="50.61000310" lon="13.96145645"><ele>229.165</ele><time>2026-09-27T08:48:28Z</time><speed>30.600</speed><sat>36</sat></trkpt>
  <trkpt lat="50.61026371" lon="13.96158261"><ele>228.406</ele><time>2026-09-27T08:48:29Z</time><speed>30.420</speed><sat>36</sat></trkpt>
  <trkpt lat="50.61052168" lon="13.96172257"><ele>227.714</ele><time>2026-09-27T08:48:30Z</time><speed>30.250</speed><sat>36</sat></trkpt>
  <trkpt lat="50.61077493" lon="13.96187818"><ele>227.163</ele><time>2026-09-27T08:48:31Z</time><speed>30.090</speed><sat>36</sat></trkpt>
  <trkpt lat="50.61102197" lon="13.96204373"><ele>226.251</ele><time>2026-09-27T08:48:32Z</time><speed>30.020</speed><sat>36</sat></trkpt>
  <trkpt lat="50.61126267" lon="13.96223174"><ele>225.745</ele><time>2026-09-27T08:48:33Z</time><speed>29.900</speed><sat>36</sat></trkpt>
  <trkpt lat="50.61150100" lon="13.96243220"><ele>224.948</ele><time>2026-09-27T08:48:34Z</time><speed>29.910</speed><sat>36</sat></trkpt>
  <trkpt lat="50.61173456" lon="13.96264393"><ele>224.150</ele><time>2026-09-27T08:48:35Z</time><speed>29.940</speed><sat>36</sat></trkpt>
  <trkpt lat="50.61196335" lon="13.96286681"><ele>223.531</ele><time>2026-09-27T08:48:36Z</time><speed>30.020</speed><sat>36</sat></trkpt>
  <trkpt lat="50.61218649" lon="13.96310324"><ele>222.892</ele><time>2026-09-27T08:48:37Z</time><speed>29.980</speed><sat>35</sat></trkpt>
  <trkpt lat="50.61240317" lon="13.96335130"><ele>222.289</ele><time>2026-09-27T08:48:38Z</time><speed>29.880</speed><sat>36</sat></trkpt>
  <trkpt lat="50.61261533" lon="13.96361427"><ele>221.517</ele><time>2026-09-27T08:48:39Z</time><speed>29.920</speed><sat>37</sat></trkpt>
  <trkpt lat="50.61281821" lon="13.96389967"><ele>220.948</ele><time>2026-09-27T08:48:40Z</time><speed>30.040</speed><sat>37</sat></trkpt>
  <trkpt lat="50.61301566" lon="13.96418720"><ele>220.448</ele><time>2026-09-27T08:48:41Z</time><speed>30.010</speed><sat>37</sat></trkpt>
  <trkpt lat="50.61320670" lon="13.96448324"><ele>219.714</ele><time>2026-09-27T08:48:42Z</time><speed>29.990</speed><sat>36</sat></trkpt>
  <trkpt lat="50.61339350" lon="13.96478838"><ele>218.883</ele><time>2026-09-27T08:48:43Z</time><speed>29.980</speed><sat>36</sat></trkpt>
  <trkpt lat="50.61357298" lon="13.96510682"><ele>218.111</ele><time>2026-09-27T08:48:44Z</time><speed>29.960</speed><sat>36</sat></trkpt>
  <trkpt lat="50.61374336" lon="13.96543840"><ele>217.565</ele><time>2026-09-27T08:48:45Z</time><speed>29.910</speed><sat>34</sat></trkpt>
  <trkpt lat="50.61390699" lon="13.96577142"><ele>217.016</ele><time>2026-09-27T08:48:46Z</time><speed>29.900</speed><sat>32</sat></trkpt>
  <trkpt lat="50.61406511" lon="13.96611091"><ele>216.660</ele><time>2026-09-27T08:48:47Z</time><speed>29.760</speed><sat>29</sat></trkpt>
  <trkpt lat="50.61422093" lon="13.96645217"><ele>215.968</ele><time>2026-09-27T08:48:48Z</time><speed>29.670</speed><sat>27</sat></trkpt>
  <trkpt lat="50.61437140" lon="13.96679762"><ele>215.241</ele><time>2026-09-27T08:48:49Z</time><speed>29.490</speed><sat>28</sat></trkpt>
  <trkpt lat="50.61452188" lon="13.96713653"><ele>214.662</ele><time>2026-09-27T08:48:50Z</time><speed>29.300</speed><sat>28</sat></trkpt>
  <trkpt lat="50.61467289" lon="13.96747156"><ele>214.055</ele><time>2026-09-27T08:48:51Z</time><speed>29.090</speed><sat>29</sat></trkpt>
  <trkpt lat="50.61482242" lon="13.96780555"><ele>213.430</ele><time>2026-09-27T08:48:52Z</time><speed>28.920</speed><sat>29</sat></trkpt>
  <trkpt lat="50.61497592" lon="13.96813798"><ele>212.715</ele><time>2026-09-27T08:48:53Z</time><speed>28.990</speed><sat>30</sat></trkpt>
  <trkpt lat="50.61513320" lon="13.96846961"><ele>212.428</ele><time>2026-09-27T08:48:54Z</time><speed>29.160</speed><sat>30</sat></trkpt>
  <trkpt lat="50.61529609" lon="13.96879945"><ele>212.098</ele><time>2026-09-27T08:48:55Z</time><speed>29.370</speed><sat>30</sat></trkpt>
  <trkpt lat="50.61546510" lon="13.96912480"><ele>211.697</ele><time>2026-09-27T08:48:56Z</time><speed>29.660</speed><sat>31</sat></trkpt>
  <trkpt lat="50.61564202" lon="13.96944328"><ele>211.203</ele><time>2026-09-27T08:48:57Z</time><speed>29.990</speed><sat>31</sat></trkpt>
  <trkpt lat="50.61582835" lon="13.96975465"><ele>210.807</ele><time>2026-09-27T08:48:58Z</time><speed>30.320</speed><sat>31</sat></trkpt>
  <trkpt lat="50.61601753" lon="13.97005884"><ele>210.515</ele><time>2026-09-27T08:48:59Z</time><speed>30.610</speed><sat>31</sat></trkpt>
  <trkpt lat="50.61621750" lon="13.97036082"><ele>210.411</ele><time>2026-09-27T08:49:00Z</time><speed>30.870</speed><sat>30</sat></trkpt>
  <trkpt lat="50.61642316" lon="13.97065364"><ele>210.540</ele><time>2026-09-27T08:49:01Z</time><speed>31.180</speed><sat>30</sat></trkpt>
  <trkpt lat="50.61663872" lon="13.97094354"><ele>210.779</ele><time>2026-09-27T08:49:02Z</time><speed>31.440</speed><sat>30</sat></trkpt>
  <trkpt lat="50.61686291" lon="13.97122086"><ele>210.965</ele><time>2026-09-27T08:49:03Z</time><speed>31.500</speed><sat>29</sat></trkpt>
  <trkpt lat="50.61709186" lon="13.97148854"><ele>211.449</ele><time>2026-09-27T08:49:04Z</time><speed>31.470</speed><sat>30</sat></trkpt>
  <trkpt lat="50.61732076" lon="13.97175185"><ele>211.856</ele><time>2026-09-27T08:49:05Z</time><speed>31.430</speed><sat>29</sat></trkpt>
  <trkpt lat="50.61755111" lon="13.97201428"><ele>212.344</ele><time>2026-09-27T08:49:06Z</time><speed>31.510</speed><sat>29</sat></trkpt>
  <trkpt lat="50.61778126" lon="13.97227633"><ele>212.971</ele><time>2026-09-27T08:49:07Z</time><speed>31.570</speed><sat>29</sat></trkpt>
  <trkpt lat="50.61800973" lon="13.97253876"><ele>213.485</ele><time>2026-09-27T08:49:08Z</time><speed>31.510</speed><sat>29</sat></trkpt>
  <trkpt lat="50.61823597" lon="13.97280469"><ele>214.093</ele><time>2026-09-27T08:49:09Z</time><speed>31.310</speed><sat>29</sat></trkpt>
  <trkpt lat="50.61845685" lon="13.97307137"><ele>214.586</ele><time>2026-09-27T08:49:10Z</time><speed>31.070</speed><sat>28</sat></trkpt>
  <trkpt lat="50.61867545" lon="13.97333838"><ele>214.979</ele><time>2026-09-27T08:49:11Z</time><speed>30.870</speed><sat>28</sat></trkpt>
  <trkpt lat="50.61889057" lon="13.97360972"><ele>215.495</ele><time>2026-09-27T08:49:12Z</time><speed>30.690</speed><sat>28</sat></trkpt>
  <trkpt lat="50.61910059" lon="13.97388387"><ele>216.162</ele><time>2026-09-27T08:49:13Z</time><speed>30.530</speed><sat>29</sat></trkpt>
  <trkpt lat="50.61930702" lon="13.97416802"><ele>216.456</ele><time>2026-09-27T08:49:14Z</time><speed>30.420</speed><sat>30</sat></trkpt>
  <trkpt lat="50.61950840" lon="13.97446623"><ele>217.206</ele><time>2026-09-27T08:49:15Z</time><speed>30.500</speed><sat>33</sat></trkpt>
  <trkpt lat="50.61970377" lon="13.97476637"><ele>217.810</ele><time>2026-09-27T08:49:16Z</time><speed>30.360</speed><sat>33</sat></trkpt>
  <trkpt lat="50.61989067" lon="13.97506923"><ele>218.347</ele><time>2026-09-27T08:49:17Z</time><speed>30.170</speed><sat>33</sat></trkpt>
  <trkpt lat="50.62007122" lon="13.97537974"><ele>218.663</ele><time>2026-09-27T08:49:18Z</time><speed>29.910</speed><sat>33</sat></trkpt>
  <trkpt lat="50.62024746" lon="13.97569424"><ele>219.467</ele><time>2026-09-27T08:49:19Z</time><speed>29.590</speed><sat>33</sat></trkpt>
  <trkpt lat="50.62041670" lon="13.97600844"><ele>219.680</ele><time>2026-09-27T08:49:20Z</time><speed>29.210</speed><sat>33</sat></trkpt>
  <trkpt lat="50.62057768" lon="13.97632898"><ele>220.220</ele><time>2026-09-27T08:49:21Z</time><speed>28.830</speed><sat>33</sat></trkpt>
  <trkpt lat="50.62073010" lon="13.97665158"><ele>220.409</ele><time>2026-09-27T08:49:22Z</time><speed>28.470</speed><sat>33</sat></trkpt>
  <trkpt lat="50.62087845" lon="13.97697621"><ele>221.009</ele><time>2026-09-27T08:49:23Z</time><speed>28.130</speed><sat>33</sat></trkpt>
  <trkpt lat="50.62101941" lon="13.97729948"><ele>221.419</ele><time>2026-09-27T08:49:24Z</time><speed>27.800</speed><sat>33</sat></trkpt>
  <trkpt lat="50.62115319" lon="13.97762889"><ele>221.936</ele><time>2026-09-27T08:49:25Z</time><speed>27.620</speed><sat>33</sat></trkpt>
  <trkpt lat="50.62128551" lon="13.97796121"><ele>222.575</ele><time>2026-09-27T08:49:26Z</time><speed>27.620</speed><sat>33</sat></trkpt>
  <trkpt lat="50.62141187" lon="13.97830200"><ele>223.032</ele><time>2026-09-27T08:49:27Z</time><speed>27.880</speed><sat>33</sat></trkpt>
  <trkpt lat="50.62153520" lon="13.97865342"><ele>223.461</ele><time>2026-09-27T08:49:28Z</time><speed>28.310</speed><sat>32</sat></trkpt>
 </trkseg>
</trk>

</gpx>
 