<?xml version="1.0" encoding="UTF-8"?>
<!-- Created with BasicAirData GPS Logger for Android - ver. 3.3.0 -->
<!-- Track 3 = 1110 TrackPoints + 0 Placemarks -->

<!-- Track Statistics (based on Total Time | Time in Movement): -->
<!--  Distance = 20,2 km -->
<!--  Duration = 20:10 | 20:10 -->
<!--  Altitude Gap = -27 m -->
<!--  Max Speed = 101 km/h -->
<!--  Avg Speed = 60,3 | 60,3 km/h -->
<!--  Direction = NE -->
<!--  Activity = car -->
<!--  Altitudes = Raw -->

<gpx version="1.0"
     creator="BasicAirData GPS Logger 3.3.0"
     xmlns="http://www.topografix.com/GPX/1/0"
     xmlns:xsi="http://www.w3.org/2001/XMLSchema-instance"
     xsi:schemaLocation="http://www.topografix.com/GPX/1/0 http://www.topografix.com/GPX/1/0/gpx.xsd">
<name>GPS Logger 20260927-105412</name>
<desc>Trasa2</desc>
<time>2026-09-27T09:14:52Z</time>
<keywords>car</keywords>
<bounds minlat="50.68466148" minlon="13.95261247" maxlat="50.78100302" maxlon="14.14886739" />

<trk>
 <name>Track 20260927-105412</name>
 <trkseg>
  <trkpt lat="50.68466148" lon="13.95592295"><ele>252.263</ele><time>2026-09-27T08:54:12Z</time><speed>28.020</speed><sat>32</sat></trkpt>
  <trkpt lat="50.68486881" lon="13.95569571"><ele>252.877</ele><time>2026-09-27T08:54:13Z</time><speed>27.940</speed><sat>32</sat></trkpt>
  <trkpt lat="50.68507196" lon="13.95547167"><ele>251.255</ele><time>2026-09-27T08:54:14Z</time><speed>27.320</speed><sat>32</sat></trkpt>
  <trkpt lat="50.68527875" lon="13.95525344"><ele>252.248</ele><time>2026-09-27T08:54:15Z</time><speed>27.550</speed><sat>32</sat></trkpt>
  <trkpt lat="50.68548219" lon="13.95503535"><ele>252.259</ele><time>2026-09-27T08:54:16Z</time><speed>27.170</speed><sat>33</sat></trkpt>
  <trkpt lat="50.68568601" lon="13.95482201"><ele>251.949</ele><time>2026-09-27T08:54:17Z</time><speed>26.870</speed><sat>33</sat></trkpt>
  <trkpt lat="50.68588858" lon="13.95461577"><ele>252.292</ele><time>2026-09-27T08:54:18Z</time><speed>26.810</speed><sat>33</sat></trkpt>
  <trkpt lat="50.68609449" lon="13.95441991"><ele>252.260</ele><time>2026-09-27T08:54:19Z</time><speed>26.570</speed><sat>33</sat></trkpt>
  <trkpt lat="50.68630042" lon="13.95422727"><ele>252.376</ele><time>2026-09-27T08:54:20Z</time><speed>26.370</speed><sat>33</sat></trkpt>
  <trkpt lat="50.68650778" lon="13.95405221"><ele>252.759</ele><time>2026-09-27T08:54:21Z</time><speed>26.230</speed><sat>34</sat></trkpt>
  <trkpt lat="50.68671368" lon="13.95388149"><ele>253.673</ele><time>2026-09-27T08:54:22Z</time><speed>26.000</speed><sat>34</sat></trkpt>
  <trkpt lat="50.68692628" lon="13.95372519"><ele>254.157</ele><time>2026-09-27T08:54:23Z</time><speed>25.790</speed><sat>34</sat></trkpt>
  <trkpt lat="50.68713396" lon="13.95357975"><ele>254.178</ele><time>2026-09-27T08:54:24Z</time><speed>25.520</speed><sat>34</sat></trkpt>
  <trkpt lat="50.68734501" lon="13.95344951"><ele>254.511</ele><time>2026-09-27T08:54:25Z</time><speed>25.140</speed><sat>34</sat></trkpt>
  <trkpt lat="50.68755416" lon="13.95332713"><ele>254.895</ele><time>2026-09-27T08:54:26Z</time><speed>24.630</speed><sat>34</sat></trkpt>
  <trkpt lat="50.68776277" lon="13.95321781"><ele>255.147</ele><time>2026-09-27T08:54:27Z</time><speed>24.150</speed><sat>33</sat></trkpt>
  <trkpt lat="50.68796730" lon="13.95311587"><ele>255.194</ele><time>2026-09-27T08:54:28Z</time><speed>23.970</speed><sat>32</sat></trkpt>
  <trkpt lat="50.68817649" lon="13.95302630"><ele>255.266</ele><time>2026-09-27T08:54:29Z</time><speed>24.060</speed><sat>32</sat></trkpt>
  <trkpt lat="50.68838800" lon="13.95294246"><ele>255.453</ele><time>2026-09-27T08:54:30Z</time><speed>24.130</speed><sat>31</sat></trkpt>
  <trkpt lat="50.68859893" lon="13.95286578"><ele>255.835</ele><time>2026-09-27T08:54:31Z</time><speed>24.230</speed><sat>30</sat></trkpt>
  <trkpt lat="50.68881622" lon="13.95280115"><ele>255.414</ele><time>2026-09-27T08:54:32Z</time><speed>24.440</speed><sat>30</sat></trkpt>
  <trkpt lat="50.68903317" lon="13.95274551"><ele>255.818</ele><time>2026-09-27T08:54:33Z</time><speed>24.490</speed><sat>31</sat></trkpt>
  <trkpt lat="50.68924962" lon="13.95269528"><ele>256.345</ele><time>2026-09-27T08:54:34Z</time><speed>24.240</speed><sat>32</sat></trkpt>
  <trkpt lat="50.68946501" lon="13.95266245"><ele>256.753</ele><time>2026-09-27T08:54:35Z</time><speed>23.990</speed><sat>32</sat></trkpt>
  <trkpt lat="50.68967873" lon="13.95263886"><ele>256.829</ele><time>2026-09-27T08:54:36Z</time><speed>23.780</speed><sat>31</sat></trkpt>
  <trkpt lat="50.68988990" lon="13.95262100"><ele>256.849</ele><time>2026-09-27T08:54:37Z</time><speed>23.750</speed><sat>31</sat></trkpt>
  <trkpt lat="50.69010299" lon="13.95261655"><ele>256.919</ele><time>2026-09-27T08:54:38Z</time><speed>23.890</speed><sat>33</sat></trkpt>
  <trkpt lat="50.69031843" lon="13.95261247"><ele>257.441</ele><time>2026-09-27T08:54:39Z</time><speed>24.010</speed><sat>35</sat></trkpt>
  <trkpt lat="50.69053796" lon="13.95262375"><ele>257.903</ele><time>2026-09-27T08:54:40Z</time><speed>24.310</speed><sat>36</sat></trkpt>
  <trkpt lat="50.69075578" lon="13.95263896"><ele>258.231</ele><time>2026-09-27T08:54:41Z</time><speed>24.520</speed><sat>36</sat></trkpt>
  <trkpt lat="50.69097739" lon="13.95266631"><ele>259.137</ele><time>2026-09-27T08:54:42Z</time><speed>24.470</speed><sat>37</sat></trkpt>
  <trkpt lat="50.69119736" lon="13.95271126"><ele>259.985</ele><time>2026-09-27T08:54:43Z</time><speed>24.280</speed><sat>37</sat></trkpt>
  <trkpt lat="50.69141552" lon="13.95275720"><ele>260.101</ele><time>2026-09-27T08:54:44Z</time><speed>24.100</speed><sat>36</sat></trkpt>
  <trkpt lat="50.69163206" lon="13.95281146"><ele>260.012</ele><time>2026-09-27T08:54:45Z</time><speed>23.980</speed><sat>35</sat></trkpt>
  <trkpt lat="50.69184185" lon="13.95287762"><ele>260.859</ele><time>2026-09-27T08:54:46Z</time><speed>23.940</speed><sat>36</sat></trkpt>
  <trkpt lat="50.69205017" lon="13.95295332"><ele>261.111</ele><time>2026-09-27T08:54:47Z</time><speed>24.010</speed><sat>36</sat></trkpt>
  <trkpt lat="50.69226655" lon="13.95303582"><ele>261.863</ele><time>2026-09-27T08:54:48Z</time><speed>24.260</speed><sat>36</sat></trkpt>
  <trkpt lat="50.69247639" lon="13.95312553"><ele>262.212</ele><time>2026-09-27T08:54:49Z</time><speed>24.520</speed><sat>36</sat></trkpt>
  <trkpt lat="50.69268833" lon="13.95322210"><ele>262.153</ele><time>2026-09-27T08:54:50Z</time><speed>24.800</speed><sat>36</sat></trkpt>
  <trkpt lat="50.69290218" lon="13.95333504"><ele>262.550</ele><time>2026-09-27T08:54:51Z</time><speed>24.980</speed><sat>36</sat></trkpt>
  <trkpt lat="50.69311556" lon="13.95345662"><ele>263.385</ele><time>2026-09-27T08:54:52Z</time><speed>25.070</speed><sat>36</sat></trkpt>
  <trkpt lat="50.69332279" lon="13.95358612"><ele>263.689</ele><time>2026-09-27T08:54:53Z</time><speed>25.150</speed><sat>36</sat></trkpt>
  <trkpt lat="50.69353188" lon="13.95372960"><ele>264.175</ele><time>2026-09-27T08:54:54Z</time><speed>25.190</speed><sat>36</sat></trkpt>
  <trkpt lat="50.69373608" lon="13.95387811"><ele>265.025</ele><time>2026-09-27T08:54:55Z</time><speed>25.090</speed><sat>36</sat></trkpt>
  <trkpt lat="50.69393684" lon="13.95402926"><ele>265.271</ele><time>2026-09-27T08:54:56Z</time><speed>24.720</speed><sat>35</sat></trkpt>
  <trkpt lat="50.69413767" lon="13.95418723"><ele>265.966</ele><time>2026-09-27T08:54:57Z</time><speed>24.570</speed><sat>35</sat></trkpt>
  <trkpt lat="50.69433503" lon="13.95434255"><ele>266.686</ele><time>2026-09-27T08:54:58Z</time><speed>24.380</speed><sat>35</sat></trkpt>
  <trkpt lat="50.69452812" lon="13.95450038"><ele>267.219</ele><time>2026-09-27T08:54:59Z</time><speed>24.170</speed><sat>35</sat></trkpt>
  <trkpt lat="50.69472231" lon="13.95465676"><ele>267.682</ele><time>2026-09-27T08:55:00Z</time><speed>24.100</speed><sat>35</sat></trkpt>
  <trkpt lat="50.69491525" lon="13.95481128"><ele>268.186</ele><time>2026-09-27T08:55:01Z</time><speed>23.860</speed><sat>35</sat></trkpt>
  <trkpt lat="50.69510956" lon="13.95495913"><ele>268.528</ele><time>2026-09-27T08:55:02Z</time><speed>23.750</speed><sat>34</sat></trkpt>
  <trkpt lat="50.69530234" lon="13.95510637"><ele>268.739</ele><time>2026-09-27T08:55:03Z</time><speed>23.890</speed><sat>33</sat></trkpt>
  <trkpt lat="50.69550184" lon="13.95525596"><ele>269.084</ele><time>2026-09-27T08:55:04Z</time><speed>24.460</speed><sat>33</sat></trkpt>
  <trkpt lat="50.69570549" lon="13.95540697"><ele>269.468</ele><time>2026-09-27T08:55:05Z</time><speed>24.980</speed><sat>33</sat></trkpt>
  <trkpt lat="50.69591395" lon="13.95554803"><ele>269.999</ele><time>2026-09-27T08:55:06Z</time><speed>25.280</speed><sat>32</sat></trkpt>
  <trkpt lat="50.69612812" lon="13.95568051"><ele>270.514</ele><time>2026-09-27T08:55:07Z</time><speed>25.560</speed><sat>32</sat></trkpt>
  <trkpt lat="50.69634748" lon="13.95580542"><ele>270.882</ele><time>2026-09-27T08:55:08Z</time><speed>25.870</speed><sat>33</sat></trkpt>
  <trkpt lat="50.69657084" lon="13.95592177"><ele>271.512</ele><time>2026-09-27T08:55:09Z</time><speed>26.110</speed><sat>34</sat></trkpt>
  <trkpt lat="50.69678939" lon="13.95603520"><ele>271.643</ele><time>2026-09-27T08:55:10Z</time><speed>26.010</speed><sat>34</sat></trkpt>
  <trkpt lat="50.69701980" lon="13.95613083"><ele>272.141</ele><time>2026-09-27T08:55:11Z</time><speed>26.470</speed><sat>34</sat></trkpt>
  <trkpt lat="50.69725099" lon="13.95622157"><ele>272.213</ele><time>2026-09-27T08:55:12Z</time><speed>26.810</speed><sat>34</sat></trkpt>
  <trkpt lat="50.69749190" lon="13.95629230"><ele>272.654</ele><time>2026-09-27T08:55:13Z</time><speed>27.010</speed><sat>33</sat></trkpt>
  <trkpt lat="50.69773589" lon="13.95636326"><ele>273.296</ele><time>2026-09-27T08:55:14Z</time><speed>27.250</speed><sat>33</sat></trkpt>
  <trkpt lat="50.69798102" lon="13.95642507"><ele>274.169</ele><time>2026-09-27T08:55:15Z</time><speed>27.370</speed><sat>32</sat></trkpt>
  <trkpt lat="50.69822604" lon="13.95647080"><ele>274.780</ele><time>2026-09-27T08:55:16Z</time><speed>27.700</speed><sat>32</sat></trkpt>
  <trkpt lat="50.69847031" lon="13.95650445"><ele>275.185</ele><time>2026-09-27T08:55:17Z</time><speed>27.440</speed><sat>32</sat></trkpt>
  <trkpt lat="50.69871734" lon="13.95653837"><ele>275.316</ele><time>2026-09-27T08:55:18Z</time><speed>27.160</speed><sat>32</sat></trkpt>
  <trkpt lat="50.69896339" lon="13.95655216"><ele>275.794</ele><time>2026-09-27T08:55:19Z</time><speed>27.070</speed><sat>32</sat></trkpt>
  <trkpt lat="50.69920489" lon="13.95655724"><ele>276.220</ele><time>2026-09-27T08:55:20Z</time><speed>26.860</speed><sat>31</sat></trkpt>
  <trkpt lat="50.69944699" lon="13.95656015"><ele>276.786</ele><time>2026-09-27T08:55:21Z</time><speed>26.750</speed><sat>30</sat></trkpt>
  <trkpt lat="50.69968766" lon="13.95655406"><ele>277.169</ele><time>2026-09-27T08:55:22Z</time><speed>26.710</speed><sat>31</sat></trkpt>
  <trkpt lat="50.69992793" lon="13.95654659"><ele>277.301</ele><time>2026-09-27T08:55:23Z</time><speed>26.800</speed><sat>33</sat></trkpt>
  <trkpt lat="50.70016965" lon="13.95653886"><ele>277.893</ele><time>2026-09-27T08:55:24Z</time><speed>26.990</speed><sat>33</sat></trkpt>
  <trkpt lat="50.70041483" lon="13.95652028"><ele>278.458</ele><time>2026-09-27T08:55:25Z</time><speed>27.130</speed><sat>33</sat></trkpt>
  <trkpt lat="50.70066008" lon="13.95649274"><ele>278.844</ele><time>2026-09-27T08:55:26Z</time><speed>27.070</speed><sat>35</sat></trkpt>
  <trkpt lat="50.70089983" lon="13.95646993"><ele>279.301</ele><time>2026-09-27T08:55:27Z</time><speed>26.970</speed><sat>36</sat></trkpt>
  <trkpt lat="50.70113865" lon="13.95644713"><ele>279.612</ele><time>2026-09-27T08:55:28Z</time><speed>26.730</speed><sat>36</sat></trkpt>
  <trkpt lat="50.70137856" lon="13.95642475"><ele>279.973</ele><time>2026-09-27T08:55:29Z</time><speed>26.440</speed><sat>36</sat></trkpt>
  <trkpt lat="50.70160911" lon="13.95640262"><ele>279.869</ele><time>2026-09-27T08:55:30Z</time><speed>26.160</speed><sat>36</sat></trkpt>
  <trkpt lat="50.70184645" lon="13.95638875"><ele>280.424</ele><time>2026-09-27T08:55:31Z</time><speed>26.010</speed><sat>35</sat></trkpt>
  <trkpt lat="50.70207777" lon="13.95636832"><ele>280.928</ele><time>2026-09-27T08:55:32Z</time><speed>25.880</speed><sat>33</sat></trkpt>
  <trkpt lat="50.70230988" lon="13.95635393"><ele>281.422</ele><time>2026-09-27T08:55:33Z</time><speed>25.840</speed><sat>32</sat></trkpt>
  <trkpt lat="50.70254454" lon="13.95633561"><ele>281.750</ele><time>2026-09-27T08:55:34Z</time><speed>25.860</speed><sat>32</sat></trkpt>
  <trkpt lat="50.70277667" lon="13.95631803"><ele>282.023</ele><time>2026-09-27T08:55:35Z</time><speed>26.060</speed><sat>32</sat></trkpt>
  <trkpt lat="50.70301584" lon="13.95630889"><ele>282.464</ele><time>2026-09-27T08:55:36Z</time><speed>26.360</speed><sat>31</sat></trkpt>
  <trkpt lat="50.70325586" lon="13.95629466"><ele>282.756</ele><time>2026-09-27T08:55:37Z</time><speed>26.610</speed><sat>31</sat></trkpt>
  <trkpt lat="50.70349238" lon="13.95628918"><ele>283.342</ele><time>2026-09-27T08:55:38Z</time><speed>26.570</speed><sat>31</sat></trkpt>
  <trkpt lat="50.70373296" lon="13.95629349"><ele>283.941</ele><time>2026-09-27T08:55:39Z</time><speed>26.430</speed><sat>32</sat></trkpt>
  <trkpt lat="50.70396626" lon="13.95630697"><ele>283.875</ele><time>2026-09-27T08:55:40Z</time><speed>26.210</speed><sat>32</sat></trkpt>
  <trkpt lat="50.70419572" lon="13.95632866"><ele>284.305</ele><time>2026-09-27T08:55:41Z</time><speed>25.910</speed><sat>32</sat></trkpt>
  <trkpt lat="50.70442536" lon="13.95636635"><ele>284.840</ele><time>2026-09-27T08:55:42Z</time><speed>25.590</speed><sat>31</sat></trkpt>
  <trkpt lat="50.70464803" lon="13.95640961"><ele>285.517</ele><time>2026-09-27T08:55:43Z</time><speed>25.280</speed><sat>31</sat></trkpt>
  <trkpt lat="50.70487144" lon="13.95644859"><ele>286.043</ele><time>2026-09-27T08:55:44Z</time><speed>25.030</speed><sat>30</sat></trkpt>
  <trkpt lat="50.70509314" lon="13.95650505"><ele>286.734</ele><time>2026-09-27T08:55:45Z</time><speed>24.980</speed><sat>31</sat></trkpt>
  <trkpt lat="50.70531185" lon="13.95657401"><ele>287.241</ele><time>2026-09-27T08:55:46Z</time><speed>25.030</speed><sat>31</sat></trkpt>
  <trkpt lat="50.70553055" lon="13.95665279"><ele>287.852</ele><time>2026-09-27T08:55:47Z</time><speed>25.050</speed><sat>31</sat></trkpt>
  <trkpt lat="50.70575212" lon="13.95674597"><ele>288.371</ele><time>2026-09-27T08:55:48Z</time><speed>25.110</speed><sat>30</sat></trkpt>
  <trkpt lat="50.70597278" lon="13.95684336"><ele>288.988</ele><time>2026-09-27T08:55:49Z</time><speed>25.180</speed><sat>29</sat></trkpt>
  <trkpt lat="50.70618888" lon="13.95695237"><ele>289.983</ele><time>2026-09-27T08:55:50Z</time><speed>25.230</speed><sat>29</sat></trkpt>
  <trkpt lat="50.70640571" lon="13.95706444"><ele>290.992</ele><time>2026-09-27T08:55:51Z</time><speed>25.280</speed><sat>29</sat></trkpt>
  <trkpt lat="50.70662201" lon="13.95718927"><ele>291.708</ele><time>2026-09-27T08:55:52Z</time><speed>25.320</speed><sat>28</sat></trkpt>
  <trkpt lat="50.70682922" lon="13.95732482"><ele>292.532</ele><time>2026-09-27T08:55:53Z</time><speed>25.320</speed><sat>28</sat></trkpt>
  <trkpt lat="50.70703839" lon="13.95746570"><ele>293.674</ele><time>2026-09-27T08:55:54Z</time><speed>25.310</speed><sat>30</sat></trkpt>
  <trkpt lat="50.70724604" lon="13.95761301"><ele>294.451</ele><time>2026-09-27T08:55:55Z</time><speed>25.280</speed><sat>30</sat></trkpt>
  <trkpt lat="50.70745027" lon="13.95777032"><ele>295.423</ele><time>2026-09-27T08:55:56Z</time><speed>25.240</speed><sat>31</sat></trkpt>
  <trkpt lat="50.70764826" lon="13.95793549"><ele>296.448</ele><time>2026-09-27T08:55:57Z</time><speed>24.940</speed><sat>32</sat></trkpt>
  <trkpt lat="50.70784098" lon="13.95811296"><ele>297.399</ele><time>2026-09-27T08:55:58Z</time><speed>24.690</speed><sat>33</sat></trkpt>
  <trkpt lat="50.70802705" lon="13.95829296"><ele>298.439</ele><time>2026-09-27T08:55:59Z</time><speed>24.350</speed><sat>33</sat></trkpt>
  <trkpt lat="50.70820344" lon="13.95848139"><ele>299.156</ele><time>2026-09-27T08:56:00Z</time><speed>24.090</speed><sat>33</sat></trkpt>
  <trkpt lat="50.70838117" lon="13.95867784"><ele>300.034</ele><time>2026-09-27T08:56:01Z</time><speed>24.050</speed><sat>33</sat></trkpt>
  <trkpt lat="50.70855769" lon="13.95888520"><ele>300.943</ele><time>2026-09-27T08:56:02Z</time><speed>24.290</speed><sat>33</sat></trkpt>
  <trkpt lat="50.70873459" lon="13.95910184"><ele>301.798</ele><time>2026-09-27T08:56:03Z</time><speed>24.820</speed><sat>33</sat></trkpt>
  <trkpt lat="50.70891242" lon="13.95933172"><ele>303.013</ele><time>2026-09-27T08:56:04Z</time><speed>25.170</speed><sat>33</sat></trkpt>
  <trkpt lat="50.70908053" lon="13.95956708"><ele>303.627</ele><time>2026-09-27T08:56:05Z</time><speed>25.250</speed><sat>33</sat></trkpt>
  <trkpt lat="50.70924632" lon="13.95981383"><ele>304.652</ele><time>2026-09-27T08:56:06Z</time><speed>25.180</speed><sat>33</sat></trkpt>
  <trkpt lat="50.70940753" lon="13.96006233"><ele>305.783</ele><time>2026-09-27T08:56:07Z</time><speed>25.100</speed><sat>33</sat></trkpt>
  <trkpt lat="50.70956178" lon="13.96032498"><ele>306.463</ele><time>2026-09-27T08:56:08Z</time><speed>25.270</speed><sat>34</sat></trkpt>
  <trkpt lat="50.70971419" lon="13.96058620"><ele>306.865</ele><time>2026-09-27T08:56:09Z</time><speed>25.430</speed><sat>33</sat></trkpt>
  <trkpt lat="50.70986051" lon="13.96085586"><ele>307.956</ele><time>2026-09-27T08:56:10Z</time><speed>25.510</speed><sat>33</sat></trkpt>
  <trkpt lat="50.71000173" lon="13.96113741"><ele>308.739</ele><time>2026-09-27T08:56:11Z</time><speed>25.550</speed><sat>33</sat></trkpt>
  <trkpt lat="50.71014180" lon="13.96142730"><ele>310.227</ele><time>2026-09-27T08:56:12Z</time><speed>25.520</speed><sat>34</sat></trkpt>
  <trkpt lat="50.71027918" lon="13.96172045"><ele>311.036</ele><time>2026-09-27T08:56:13Z</time><speed>25.420</speed><sat>34</sat></trkpt>
  <trkpt lat="50.71041007" lon="13.96201675"><ele>311.352</ele><time>2026-09-27T08:56:14Z</time><speed>25.600</speed><sat>34</sat></trkpt>
  <trkpt lat="50.71053823" lon="13.96231787"><ele>311.529</ele><time>2026-09-27T08:56:15Z</time><speed>25.680</speed><sat>34</sat></trkpt>
  <trkpt lat="50.71065964" lon="13.96262692"><ele>312.207</ele><time>2026-09-27T08:56:16Z</time><speed>25.550</speed><sat>34</sat></trkpt>
  <trkpt lat="50.71077735" lon="13.96293301"><ele>313.185</ele><time>2026-09-27T08:56:17Z</time><speed>25.270</speed><sat>33</sat></trkpt>
  <trkpt lat="50.71088844" lon="13.96323962"><ele>314.098</ele><time>2026-09-27T08:56:18Z</time><speed>24.980</speed><sat>33</sat></trkpt>
  <trkpt lat="50.71099480" lon="13.96354920"><ele>314.740</ele><time>2026-09-27T08:56:19Z</time><speed>24.960</speed><sat>33</sat></trkpt>
  <trkpt lat="50.71109716" lon="13.96386232"><ele>315.517</ele><time>2026-09-27T08:56:20Z</time><speed>24.820</speed><sat>33</sat></trkpt>
  <trkpt lat="50.71119694" lon="13.96417789"><ele>316.101</ele><time>2026-09-27T08:56:21Z</time><speed>24.840</speed><sat>32</sat></trkpt>
  <trkpt lat="50.71129082" lon="13.96449750"><ele>316.865</ele><time>2026-09-27T08:56:22Z</time><speed>24.830</speed><sat>32</sat></trkpt>
  <trkpt lat="50.71138275" lon="13.96481687"><ele>317.545</ele><time>2026-09-27T08:56:23Z</time><speed>24.810</speed><sat>32</sat></trkpt>
  <trkpt lat="50.71147189" lon="13.96513580"><ele>318.361</ele><time>2026-09-27T08:56:24Z</time><speed>24.780</speed><sat>30</sat></trkpt>
  <trkpt lat="50.71155592" lon="13.96545956"><ele>320.554</ele><time>2026-09-27T08:56:25Z</time><speed>24.670</speed><sat>29</sat></trkpt>
  <trkpt lat="50.72137502" lon="13.99839163"><ele>416.673</ele><time>2026-09-27T08:58:07Z</time><speed>17.980</speed><sat>28</sat></trkpt>
  <trkpt lat="50.72148459" lon="13.99857706"><ele>417.619</ele><time>2026-09-27T08:58:08Z</time><speed>17.890</speed><sat>27</sat></trkpt>
  <trkpt lat="50.72158515" lon="13.99876780"><ele>418.559</ele><time>2026-09-27T08:58:09Z</time><speed>17.460</speed><sat>27</sat></trkpt>
  <trkpt lat="50.72167063" lon="13.99897077"><ele>419.624</ele><time>2026-09-27T08:58:10Z</time><speed>17.050</speed><sat>30</sat></trkpt>
  <trkpt lat="50.72174022" lon="13.99917657"><ele>420.424</ele><time>2026-09-27T08:58:11Z</time><speed>16.500</speed><sat>30</sat></trkpt>
  <trkpt lat="50.72179435" lon="13.99938701"><ele>421.156</ele><time>2026-09-27T08:58:12Z</time><speed>16.030</speed><sat>31</sat></trkpt>
  <trkpt lat="50.72183731" lon="13.99960306"><ele>422.023</ele><time>2026-09-27T08:58:13Z</time><speed>16.000</speed><sat>31</sat></trkpt>
  <trkpt lat="50.72186911" lon="13.99982510"><ele>422.923</ele><time>2026-09-27T08:58:14Z</time><speed>16.190</speed><sat>31</sat></trkpt>
  <trkpt lat="50.72188967" lon="14.00005356"><ele>423.836</ele><time>2026-09-27T08:58:15Z</time><speed>16.490</speed><sat>31</sat></trkpt>
  <trkpt lat="50.72189775" lon="14.00028668"><ele>424.748</ele><time>2026-09-27T08:58:16Z</time><speed>16.740</speed><sat>31</sat></trkpt>
  <trkpt lat="50.72189674" lon="14.00052544"><ele>425.657</ele><time>2026-09-27T08:58:17Z</time><speed>16.840</speed><sat>31</sat></trkpt>
  <trkpt lat="50.72188230" lon="14.00076953"><ele>426.456</ele><time>2026-09-27T08:58:18Z</time><speed>17.240</speed><sat>29</sat></trkpt>
  <trkpt lat="50.72185926" lon="14.00100963"><ele>427.181</ele><time>2026-09-27T08:58:19Z</time><speed>17.060</speed><sat>30</sat></trkpt>
  <trkpt lat="50.72183861" lon="14.00124171"><ele>427.943</ele><time>2026-09-27T08:58:20Z</time><speed>16.610</speed><sat>30</sat></trkpt>
  <trkpt lat="50.72182649" lon="14.00147108"><ele>428.859</ele><time>2026-09-27T08:58:21Z</time><speed>16.010</speed><sat>30</sat></trkpt>
  <trkpt lat="50.72183197" lon="14.00169216"><ele>429.567</ele><time>2026-09-27T08:58:22Z</time><speed>15.680</speed><sat>30</sat></trkpt>
  <trkpt lat="50.72185440" lon="14.00190490"><ele>430.197</ele><time>2026-09-27T08:58:23Z</time><speed>15.180</speed><sat>29</sat></trkpt>
  <trkpt lat="50.72189959" lon="14.00210359"><ele>431.047</ele><time>2026-09-27T08:58:24Z</time><speed>14.890</speed><sat>29</sat></trkpt>
  <trkpt lat="50.72197561" lon="14.00228968"><ele>431.888</ele><time>2026-09-27T08:58:25Z</time><speed>14.710</speed><sat>29</sat></trkpt>
  <trkpt lat="50.72206899" lon="14.00243843"><ele>432.794</ele><time>2026-09-27T08:58:26Z</time><speed>14.450</speed><sat>31</sat></trkpt>
  <trkpt lat="50.72217397" lon="14.00254251"><ele>433.629</ele><time>2026-09-27T08:58:27Z</time><speed>13.800</speed><sat>31</sat></trkpt>
  <trkpt lat="50.72228839" lon="14.00259544"><ele>433.895</ele><time>2026-09-27T08:58:28Z</time><speed>12.920</speed><sat>33</sat></trkpt>
  <trkpt lat="50.72238586" lon="14.00261679"><ele>434.502</ele><time>2026-09-27T08:58:29Z</time><speed>10.750</speed><sat>34</sat></trkpt>
  <trkpt lat="50.72246721" lon="14.00264376"><ele>434.959</ele><time>2026-09-27T08:58:30Z</time><speed>8.490</speed><sat>34</sat></trkpt>
  <trkpt lat="50.72255034" lon="14.00268872"><ele>435.093</ele><time>2026-09-27T08:58:31Z</time><speed>9.450</speed><sat>35</sat></trkpt>
  <trkpt lat="50.72263342" lon="14.00274015"><ele>435.380</ele><time>2026-09-27T08:58:32Z</time><speed>10.280</speed><sat>35</sat></trkpt>
  <trkpt lat="50.72272287" lon="14.00279887"><ele>435.451</ele><time>2026-09-27T08:58:33Z</time><speed>10.910</speed><sat>35</sat></trkpt>
  <trkpt lat="50.72281244" lon="14.00287064"><ele>435.639</ele><time>2026-09-27T08:58:34Z</time><speed>11.130</speed><sat>35</sat></trkpt>
  <trkpt lat="50.72289406" lon="14.00297467"><ele>436.206</ele><time>2026-09-27T08:58:35Z</time><speed>11.450</speed><sat>35</sat></trkpt>
  <trkpt lat="50.72296877" lon="14.00308764"><ele>436.625</ele><time>2026-09-27T08:58:36Z</time><speed>11.500</speed><sat>35</sat></trkpt>
  <trkpt lat="50.72304043" lon="14.00323890"><ele>437.712</ele><time>2026-09-27T08:58:37Z</time><speed>12.930</speed><sat>35</sat></trkpt>
  <trkpt lat="50.72311868" lon="14.00339523"><ele>438.356</ele><time>2026-09-27T08:58:38Z</time><speed>14.570</speed><sat>35</sat></trkpt>
  <trkpt lat="50.72320545" lon="14.00356061"><ele>439.272</ele><time>2026-09-27T08:58:39Z</time><speed>15.570</speed><sat>35</sat></trkpt>
  <trkpt lat="50.72330644" lon="14.00373172"><ele>440.795</ele><time>2026-09-27T08:58:40Z</time><speed>16.690</speed><sat>34</sat></trkpt>
  <trkpt lat="50.72340946" lon="14.00390168"><ele>441.230</ele><time>2026-09-27T08:58:41Z</time><speed>17.110</speed><sat>34</sat></trkpt>
  <trkpt lat="50.72352157" lon="14.00406709"><ele>441.813</ele><time>2026-09-27T08:58:42Z</time><speed>17.080</speed><sat>34</sat></trkpt>
  <trkpt lat="50.72363961" lon="14.00422503"><ele>441.986</ele><time>2026-09-27T08:58:43Z</time><speed>17.370</speed><sat>35</sat></trkpt>
  <trkpt lat="50.72376000" lon="14.00437990"><ele>442.498</ele><time>2026-09-27T08:58:44Z</time><speed>17.540</speed><sat>35</sat></trkpt>
  <trkpt lat="50.72388752" lon="14.00453064"><ele>443.023</ele><time>2026-09-27T08:58:45Z</time><speed>17.700</speed><sat>35</sat></trkpt>
  <trkpt lat="50.72401910" lon="14.00467153"><ele>443.551</ele><time>2026-09-27T08:58:46Z</time><speed>17.850</speed><sat>35</sat></trkpt>
  <trkpt lat="50.72415589" lon="14.00480237"><ele>444.239</ele><time>2026-09-27T08:58:47Z</time><speed>18.000</speed><sat>35</sat></trkpt>
  <trkpt lat="50.72430010" lon="14.00492419"><ele>444.705</ele><time>2026-09-27T08:58:48Z</time><speed>18.290</speed><sat>35</sat></trkpt>
  <trkpt lat="50.72445100" lon="14.00503632"><ele>445.401</ele><time>2026-09-27T08:58:49Z</time><speed>18.530</speed><sat>35</sat></trkpt>
  <trkpt lat="50.72460286" lon="14.00514463"><ele>445.983</ele><time>2026-09-27T08:58:50Z</time><speed>18.730</speed><sat>35</sat></trkpt>
  <trkpt lat="50.72476183" lon="14.00524754"><ele>446.752</ele><time>2026-09-27T08:58:51Z</time><speed>19.000</speed><sat>35</sat></trkpt>
  <trkpt lat="50.72492275" lon="14.00535747"><ele>447.742</ele><time>2026-09-27T08:58:52Z</time><speed>19.370</speed><sat>35</sat></trkpt>
  <trkpt lat="50.72508746" lon="14.00547829"><ele>448.429</ele><time>2026-09-27T08:58:53Z</time><speed>19.940</speed><sat>35</sat></trkpt>
  <trkpt lat="50.72525802" lon="14.00559485"><ele>449.626</ele><time>2026-09-27T08:58:54Z</time><speed>20.420</speed><sat>35</sat></trkpt>
  <trkpt lat="50.72543002" lon="14.00571450"><ele>450.468</ele><time>2026-09-27T08:58:55Z</time><speed>21.070</speed><sat>35</sat></trkpt>
  <trkpt lat="50.72560410" lon="14.00583831"><ele>451.443</ele><time>2026-09-27T08:58:56Z</time><speed>21.420</speed><sat>35</sat></trkpt>
  <trkpt lat="50.72577782" lon="14.00596244"><ele>452.133</ele><time>2026-09-27T08:58:57Z</time><speed>21.480</speed><sat>35</sat></trkpt>
  <trkpt lat="50.72595374" lon="14.00608891"><ele>452.867</ele><time>2026-09-27T08:58:58Z</time><speed>21.540</speed><sat>35</sat></trkpt>
  <trkpt lat="50.72613039" lon="14.00621337"><ele>453.461</ele><time>2026-09-27T08:58:59Z</time><speed>21.580</speed><sat>35</sat></trkpt>
  <trkpt lat="50.72630840" lon="14.00633595"><ele>454.083</ele><time>2026-09-27T08:59:00Z</time><speed>21.740</speed><sat>35</sat></trkpt>
  <trkpt lat="50.72648800" lon="14.00646093"><ele>454.866</ele><time>2026-09-27T08:59:01Z</time><speed>21.870</speed><sat>35</sat></trkpt>
  <trkpt lat="50.72666797" lon="14.00658802"><ele>455.719</ele><time>2026-09-27T08:59:02Z</time><speed>21.900</speed><sat>35</sat></trkpt>
  <trkpt lat="50.72684706" lon="14.00671258"><ele>456.441</ele><time>2026-09-27T08:59:03Z</time><speed>21.880</speed><sat>35</sat></trkpt>
  <trkpt lat="50.72702737" lon="14.00683530"><ele>457.100</ele><time>2026-09-27T08:59:04Z</time><speed>21.810</speed><sat>34</sat></trkpt>
  <trkpt lat="50.72720786" lon="14.00695671"><ele>457.905</ele><time>2026-09-27T08:59:05Z</time><speed>21.800</speed><sat>34</sat></trkpt>
  <trkpt lat="50.72738669" lon="14.00708369"><ele>458.622</ele><time>2026-09-27T08:59:06Z</time><speed>21.770</speed><sat>34</sat></trkpt>
  <trkpt lat="50.72756191" lon="14.00720724"><ele>459.253</ele><time>2026-09-27T08:59:07Z</time><speed>21.430</speed><sat>35</sat></trkpt>
  <trkpt lat="50.72773446" lon="14.00732984"><ele>459.575</ele><time>2026-09-27T08:59:08Z</time><speed>21.230</speed><sat>35</sat></trkpt>
  <trkpt lat="50.72791067" lon="14.00745280"><ele>460.190</ele><time>2026-09-27T08:59:09Z</time><speed>21.280</speed><sat>36</sat></trkpt>
  <trkpt lat="50.72808750" lon="14.00757532"><ele>460.502</ele><time>2026-09-27T08:59:10Z</time><speed>21.450</speed><sat>35</sat></trkpt>
  <trkpt lat="50.72826654" lon="14.00769717"><ele>460.986</ele><time>2026-09-27T08:59:11Z</time><speed>21.680</speed><sat>35</sat></trkpt>
  <trkpt lat="50.72844164" lon="14.00781741"><ele>461.067</ele><time>2026-09-27T08:59:12Z</time><speed>21.520</speed><sat>33</sat></trkpt>
  <trkpt lat="50.72861675" lon="14.00794068"><ele>461.355</ele><time>2026-09-27T08:59:13Z</time><speed>21.100</speed><sat>33</sat></trkpt>
  <trkpt lat="50.72878849" lon="14.00806103"><ele>461.732</ele><time>2026-09-27T08:59:14Z</time><speed>20.720</speed><sat>34</sat></trkpt>
  <trkpt lat="50.72895350" lon="14.00818177"><ele>461.696</ele><time>2026-09-27T08:59:15Z</time><speed>20.200</speed><sat>34</sat></trkpt>
  <trkpt lat="50.72911855" lon="14.00830100"><ele>461.944</ele><time>2026-09-27T08:59:16Z</time><speed>19.810</speed><sat>35</sat></trkpt>
  <trkpt lat="50.72927889" lon="14.00841561"><ele>462.297</ele><time>2026-09-27T08:59:17Z</time><speed>19.430</speed><sat>35</sat></trkpt>
  <trkpt lat="50.72943459" lon="14.00852604"><ele>462.366</ele><time>2026-09-27T08:59:18Z</time><speed>19.110</speed><sat>35</sat></trkpt>
  <trkpt lat="50.72959126" lon="14.00863512"><ele>462.720</ele><time>2026-09-27T08:59:19Z</time><speed>18.960</speed><sat>36</sat></trkpt>
  <trkpt lat="50.72974676" lon="14.00874516"><ele>462.967</ele><time>2026-09-27T08:59:20Z</time><speed>18.920</speed><sat>36</sat></trkpt>
  <trkpt lat="50.72990318" lon="14.00885610"><ele>463.161</ele><time>2026-09-27T08:59:21Z</time><speed>19.050</speed><sat>36</sat></trkpt>
  <trkpt lat="50.73006517" lon="14.00897053"><ele>463.391</ele><time>2026-09-27T08:59:22Z</time><speed>19.430</speed><sat>36</sat></trkpt>
  <trkpt lat="50.73022974" lon="14.00908585"><ele>463.554</ele><time>2026-09-27T08:59:23Z</time><speed>19.910</speed><sat>36</sat></trkpt>
  <trkpt lat="50.73039789" lon="14.00920259"><ele>463.589</ele><time>2026-09-27T08:59:24Z</time><speed>20.400</speed><sat>36</sat></trkpt>
  <trkpt lat="50.73056903" lon="14.00931790"><ele>463.383</ele><time>2026-09-27T08:59:25Z</time><speed>20.790</speed><sat>36</sat></trkpt>
  <trkpt lat="50.73074107" lon="14.00944149"><ele>463.579</ele><time>2026-09-27T08:59:26Z</time><speed>20.950</speed><sat>36</sat></trkpt>
  <trkpt lat="50.73091106" lon="14.00956185"><ele>463.391</ele><time>2026-09-27T08:59:27Z</time><speed>21.010</speed><sat>36</sat></trkpt>
  <trkpt lat="50.73108345" lon="14.00968523"><ele>463.363</ele><time>2026-09-27T08:59:28Z</time><speed>21.070</speed><sat>36</sat></trkpt>
  <trkpt lat="50.73125741" lon="14.00980890"><ele>463.532</ele><time>2026-09-27T08:59:29Z</time><speed>21.220</speed><sat>35</sat></trkpt>
  <trkpt lat="50.73143282" lon="14.00993298"><ele>463.687</ele><time>2026-09-27T08:59:30Z</time><speed>21.250</speed><sat>35</sat></trkpt>
  <trkpt lat="50.73160702" lon="14.01005738"><ele>463.904</ele><time>2026-09-27T08:59:31Z</time><speed>21.270</speed><sat>35</sat></trkpt>
  <trkpt lat="50.73178134" lon="14.01018381"><ele>463.915</ele><time>2026-09-27T08:59:32Z</time><speed>21.250</speed><sat>35</sat></trkpt>
  <trkpt lat="50.73195270" lon="14.01030306"><ele>463.546</ele><time>2026-09-27T08:59:33Z</time><speed>21.080</speed><sat>35</sat></trkpt>
  <trkpt lat="50.73212410" lon="14.01042139"><ele>463.497</ele><time>2026-09-27T08:59:34Z</time><speed>20.960</speed><sat>35</sat></trkpt>
  <trkpt lat="50.73229790" lon="14.01054031"><ele>463.539</ele><time>2026-09-27T08:59:35Z</time><speed>20.880</speed><sat>36</sat></trkpt>
  <trkpt lat="50.73246771" lon="14.01066190"><ele>463.510</ele><time>2026-09-27T08:59:36Z</time><speed>20.700</speed><sat>36</sat></trkpt>
  <trkpt lat="50.73263773" lon="14.01078015"><ele>463.533</ele><time>2026-09-27T08:59:37Z</time><speed>20.750</speed><sat>37</sat></trkpt>
  <trkpt lat="50.73280822" lon="14.01089871"><ele>463.508</ele><time>2026-09-27T08:59:38Z</time><speed>20.810</speed><sat>36</sat></trkpt>
  <trkpt lat="50.73297986" lon="14.01101972"><ele>463.402</ele><time>2026-09-27T08:59:39Z</time><speed>20.920</speed><sat>36</sat></trkpt>
  <trkpt lat="50.73315374" lon="14.01113905"><ele>463.091</ele><time>2026-09-27T08:59:40Z</time><speed>20.970</speed><sat>36</sat></trkpt>
  <trkpt lat="50.73332248" lon="14.01125243"><ele>462.944</ele><time>2026-09-27T08:59:41Z</time><speed>21.030</speed><sat>37</sat></trkpt>
  <trkpt lat="50.73349488" lon="14.01137672"><ele>463.546</ele><time>2026-09-27T08:59:42Z</time><speed>20.820</speed><sat>37</sat></trkpt>
  <trkpt lat="50.73366509" lon="14.01149507"><ele>463.186</ele><time>2026-09-27T08:59:43Z</time><speed>20.580</speed><sat>36</sat></trkpt>
  <trkpt lat="50.73383060" lon="14.01161411"><ele>462.703</ele><time>2026-09-27T08:59:44Z</time><speed>20.310</speed><sat>36</sat></trkpt>
  <trkpt lat="50.73399562" lon="14.01173555"><ele>462.338</ele><time>2026-09-27T08:59:45Z</time><speed>20.160</speed><sat>36</sat></trkpt>
  <trkpt lat="50.73415777" lon="14.01185371"><ele>461.691</ele><time>2026-09-27T08:59:46Z</time><speed>20.110</speed><sat>36</sat></trkpt>
  <trkpt lat="50.73432004" lon="14.01198316"><ele>461.378</ele><time>2026-09-27T08:59:47Z</time><speed>19.920</speed><sat>35</sat></trkpt>
  <trkpt lat="50.73447957" lon="14.01211404"><ele>460.833</ele><time>2026-09-27T08:59:48Z</time><speed>19.900</speed><sat>34</sat></trkpt>
  <trkpt lat="50.73463755" lon="14.01224305"><ele>460.141</ele><time>2026-09-27T08:59:49Z</time><speed>19.850</speed><sat>34</sat></trkpt>
  <trkpt lat="50.73479943" lon="14.01237618"><ele>460.039</ele><time>2026-09-27T08:59:50Z</time><speed>20.100</speed><sat>34</sat></trkpt>
  <trkpt lat="50.73496362" lon="14.01251091"><ele>460.252</ele><time>2026-09-27T08:59:51Z</time><speed>20.360</speed><sat>34</sat></trkpt>
  <trkpt lat="50.73512017" lon="14.01266106"><ele>459.480</ele><time>2026-09-27T08:59:52Z</time><speed>20.540</speed><sat>34</sat></trkpt>
  <trkpt lat="50.73528162" lon="14.01279600"><ele>459.399</ele><time>2026-09-27T08:59:53Z</time><speed>20.490</speed><sat>33</sat></trkpt>
  <trkpt lat="50.73543949" lon="14.01293125"><ele>459.491</ele><time>2026-09-27T08:59:54Z</time><speed>20.330</speed><sat>33</sat></trkpt>
  <trkpt lat="50.73560178" lon="14.01307338"><ele>459.421</ele><time>2026-09-27T08:59:55Z</time><speed>21.010</speed><sat>33</sat></trkpt>
  <trkpt lat="50.73577329" lon="14.01322102"><ele>459.453</ele><time>2026-09-27T08:59:56Z</time><speed>21.420</speed><sat>33</sat></trkpt>
  <trkpt lat="50.73594744" lon="14.01336323"><ele>459.411</ele><time>2026-09-27T08:59:57Z</time><speed>21.580</speed><sat>33</sat></trkpt>
  <trkpt lat="50.73611430" lon="14.01350493"><ele>459.635</ele><time>2026-09-27T08:59:58Z</time><speed>21.600</speed><sat>33</sat></trkpt>
  <trkpt lat="50.73628396" lon="14.01365354"><ele>459.314</ele><time>2026-09-27T08:59:59Z</time><speed>21.380</speed><sat>31</sat></trkpt>
  <trkpt lat="50.73644834" lon="14.01379615"><ele>459.270</ele><time>2026-09-27T09:00:00Z</time><speed>21.080</speed><sat>32</sat></trkpt>
  <trkpt lat="50.73661266" lon="14.01393525"><ele>459.010</ele><time>2026-09-27T09:00:01Z</time><speed>20.810</speed><sat>33</sat></trkpt>
  <trkpt lat="50.73677567" lon="14.01407526"><ele>458.648</ele><time>2026-09-27T09:00:02Z</time><speed>20.740</speed><sat>33</sat></trkpt>
  <trkpt lat="50.73693676" lon="14.01421624"><ele>458.698</ele><time>2026-09-27T09:00:03Z</time><speed>20.750</speed><sat>34</sat></trkpt>
  <trkpt lat="50.73709637" lon="14.01437858"><ele>458.174</ele><time>2026-09-27T09:00:04Z</time><speed>20.710</speed><sat>34</sat></trkpt>
  <trkpt lat="50.73725121" lon="14.01454132"><ele>457.633</ele><time>2026-09-27T09:00:05Z</time><speed>20.670</speed><sat>34</sat></trkpt>
  <trkpt lat="50.73740626" lon="14.01470468"><ele>457.309</ele><time>2026-09-27T09:00:06Z</time><speed>20.570</speed><sat>35</sat></trkpt>
  <trkpt lat="50.73755894" lon="14.01486824"><ele>456.543</ele><time>2026-09-27T09:00:07Z</time><speed>20.560</speed><sat>35</sat></trkpt>
  <trkpt lat="50.73771171" lon="14.01503805"><ele>455.709</ele><time>2026-09-27T09:00:08Z</time><speed>20.590</speed><sat>35</sat></trkpt>
  <trkpt lat="50.73786600" lon="14.01520327"><ele>455.195</ele><time>2026-09-27T09:00:09Z</time><speed>20.580</speed><sat>35</sat></trkpt>
  <trkpt lat="50.73801954" lon="14.01536978"><ele>454.821</ele><time>2026-09-27T09:00:10Z</time><speed>20.640</speed><sat>35</sat></trkpt>
  <trkpt lat="50.73817723" lon="14.01553872"><ele>454.491</ele><time>2026-09-27T09:00:11Z</time><speed>20.760</speed><sat>35</sat></trkpt>
  <trkpt lat="50.73833444" lon="14.01569543"><ele>454.193</ele><time>2026-09-27T09:00:12Z</time><speed>20.730</speed><sat>35</sat></trkpt>
  <trkpt lat="50.73849057" lon="14.01586149"><ele>454.204</ele><time>2026-09-27T09:00:13Z</time><speed>20.980</speed><sat>35</sat></trkpt>
  <trkpt lat="50.73863525" lon="14.01602462"><ele>453.451</ele><time>2026-09-27T09:00:14Z</time><speed>20.550</speed><sat>35</sat></trkpt>
  <trkpt lat="50.73879253" lon="14.01619021"><ele>452.545</ele><time>2026-09-27T09:00:15Z</time><speed>20.700</speed><sat>36</sat></trkpt>
  <trkpt lat="50.73893905" lon="14.01635595"><ele>451.617</ele><time>2026-09-27T09:00:16Z</time><speed>20.720</speed><sat>36</sat></trkpt>
  <trkpt lat="50.73909183" lon="14.01652237"><ele>451.049</ele><time>2026-09-27T09:00:17Z</time><speed>20.610</speed><sat>36</sat></trkpt>
  <trkpt lat="50.73925375" lon="14.01668041"><ele>450.626</ele><time>2026-09-27T09:00:18Z</time><speed>20.630</speed><sat>36</sat></trkpt>
  <trkpt lat="50.73940883" lon="14.01684412"><ele>450.348</ele><time>2026-09-27T09:00:19Z</time><speed>20.610</speed><sat>35</sat></trkpt>
  <trkpt lat="50.73955948" lon="14.01701300"><ele>450.040</ele><time>2026-09-27T09:00:20Z</time><speed>20.640</speed><sat>35</sat></trkpt>
  <trkpt lat="50.73971276" lon="14.01717892"><ele>449.452</ele><time>2026-09-27T09:00:21Z</time><speed>20.800</speed><sat>36</sat></trkpt>
  <trkpt lat="50.73987097" lon="14.01735220"><ele>449.410</ele><time>2026-09-27T09:00:22Z</time><speed>20.950</speed><sat>36</sat></trkpt>
  <trkpt lat="50.74003125" lon="14.01752659"><ele>449.562</ele><time>2026-09-27T09:00:23Z</time><speed>21.230</speed><sat>36</sat></trkpt>
  <trkpt lat="50.74018676" lon="14.01769781"><ele>449.135</ele><time>2026-09-27T09:00:24Z</time><speed>21.200</speed><sat>36</sat></trkpt>
  <trkpt lat="50.74034601" lon="14.01786149"><ele>448.442</ele><time>2026-09-27T09:00:25Z</time><speed>21.160</speed><sat>35</sat></trkpt>
  <trkpt lat="50.74049744" lon="14.01803478"><ele>447.772</ele><time>2026-09-27T09:00:26Z</time><speed>21.230</speed><sat>35</sat></trkpt>
  <trkpt lat="50.74065747" lon="14.01819893"><ele>447.329</ele><time>2026-09-27T09:00:27Z</time><speed>21.260</speed><sat>35</sat></trkpt>
  <trkpt lat="50.74081355" lon="14.01837156"><ele>447.410</ele><time>2026-09-27T09:00:28Z</time><speed>21.220</speed><sat>35</sat></trkpt>
  <trkpt lat="50.74097397" lon="14.01854949"><ele>448.378</ele><time>2026-09-27T09:00:29Z</time><speed>21.230</speed><sat>36</sat></trkpt>
  <trkpt lat="50.74113233" lon="14.01871538"><ele>448.218</ele><time>2026-09-27T09:00:30Z</time><speed>21.250</speed><sat>36</sat></trkpt>
  <trkpt lat="50.74129151" lon="14.01888428"><ele>448.253</ele><time>2026-09-27T09:00:31Z</time><speed>21.340</speed><sat>36</sat></trkpt>
  <trkpt lat="50.74145073" lon="14.01904750"><ele>448.104</ele><time>2026-09-27T09:00:32Z</time><speed>21.200</speed><sat>36</sat></trkpt>
  <trkpt lat="50.74160794" lon="14.01922039"><ele>448.156</ele><time>2026-09-27T09:00:33Z</time><speed>21.330</speed><sat>36</sat></trkpt>
  <trkpt lat="50.74176835" lon="14.01939426"><ele>447.665</ele><time>2026-09-27T09:00:34Z</time><speed>21.590</speed><sat>36</sat></trkpt>
  <trkpt lat="50.74192798" lon="14.01956619"><ele>447.479</ele><time>2026-09-27T09:00:35Z</time><speed>21.670</speed><sat>34</sat></trkpt>
  <trkpt lat="50.74209041" lon="14.01973619"><ele>447.316</ele><time>2026-09-27T09:00:36Z</time><speed>21.460</speed><sat>34</sat></trkpt>
  <trkpt lat="50.74224946" lon="14.01990076"><ele>447.346</ele><time>2026-09-27T09:00:37Z</time><speed>21.160</speed><sat>36</sat></trkpt>
  <trkpt lat="50.74240509" lon="14.02005809"><ele>447.326</ele><time>2026-09-27T09:00:38Z</time><speed>20.850</speed><sat>36</sat></trkpt>
  <trkpt lat="50.74256016" lon="14.02021490"><ele>447.509</ele><time>2026-09-27T09:00:39Z</time><speed>20.550</speed><sat>36</sat></trkpt>
  <trkpt lat="50.74271044" lon="14.02037471"><ele>447.256</ele><time>2026-09-27T09:00:40Z</time><speed>20.220</speed><sat>36</sat></trkpt>
  <trkpt lat="50.74285542" lon="14.02053112"><ele>447.204</ele><time>2026-09-27T09:00:41Z</time><speed>19.820</speed><sat>36</sat></trkpt>
  <trkpt lat="50.74299641" lon="14.02068584"><ele>447.277</ele><time>2026-09-27T09:00:42Z</time><speed>19.200</speed><sat>36</sat></trkpt>
  <trkpt lat="50.74313392" lon="14.02084634"><ele>446.943</ele><time>2026-09-27T09:00:43Z</time><speed>18.750</speed><sat>36</sat></trkpt>
  <trkpt lat="50.74326303" lon="14.02099829"><ele>446.410</ele><time>2026-09-27T09:00:44Z</time><speed>18.240</speed><sat>36</sat></trkpt>
  <trkpt lat="50.74338959" lon="14.02115383"><ele>446.467</ele><time>2026-09-27T09:00:45Z</time><speed>17.800</speed><sat>36</sat></trkpt>
  <trkpt lat="50.74351388" lon="14.02130830"><ele>446.253</ele><time>2026-09-27T09:00:46Z</time><speed>17.650</speed><sat>36</sat></trkpt>
  <trkpt lat="50.74363419" lon="14.02147179"><ele>445.914</ele><time>2026-09-27T09:00:47Z</time><speed>17.740</speed><sat>36</sat></trkpt>
  <trkpt lat="50.74375265" lon="14.02163506"><ele>446.045</ele><time>2026-09-27T09:00:48Z</time><speed>17.600</speed><sat>33</sat></trkpt>
  <trkpt lat="50.74386968" lon="14.02180272"><ele>445.777</ele><time>2026-09-27T09:00:49Z</time><speed>17.340</speed><sat>33</sat></trkpt>
  <trkpt lat="50.74398622" lon="14.02196889"><ele>445.259</ele><time>2026-09-27T09:00:50Z</time><speed>17.530</speed><sat>34</sat></trkpt>
  <trkpt lat="50.74410569" lon="14.02214181"><ele>445.264</ele><time>2026-09-27T09:00:51Z</time><speed>17.870</speed><sat>34</sat></trkpt>
  <trkpt lat="50.74422526" lon="14.02231489"><ele>444.837</ele><time>2026-09-27T09:00:52Z</time><speed>18.280</speed><sat>34</sat></trkpt>
  <trkpt lat="50.74435071" lon="14.02248877"><ele>444.526</ele><time>2026-09-27T09:00:53Z</time><speed>18.700</speed><sat>34</sat></trkpt>
  <trkpt lat="50.74447521" lon="14.02267129"><ele>443.995</ele><time>2026-09-27T09:00:54Z</time><speed>18.900</speed><sat>34</sat></trkpt>
  <trkpt lat="50.74460534" lon="14.02285540"><ele>443.567</ele><time>2026-09-27T09:00:55Z</time><speed>19.440</speed><sat>34</sat></trkpt>
  <trkpt lat="50.74473625" lon="14.02304649"><ele>442.950</ele><time>2026-09-27T09:00:56Z</time><speed>19.990</speed><sat>34</sat></trkpt>
  <trkpt lat="50.74486936" lon="14.02324519"><ele>442.157</ele><time>2026-09-27T09:00:57Z</time><speed>20.410</speed><sat>34</sat></trkpt>
  <trkpt lat="50.74500725" lon="14.02344635"><ele>441.581</ele><time>2026-09-27T09:00:58Z</time><speed>20.690</speed><sat>34</sat></trkpt>
  <trkpt lat="50.74514663" lon="14.02365142"><ele>440.941</ele><time>2026-09-27T09:00:59Z</time><speed>21.020</speed><sat>34</sat></trkpt>
  <trkpt lat="50.74529064" lon="14.02385926"><ele>440.133</ele><time>2026-09-27T09:01:00Z</time><speed>21.460</speed><sat>35</sat></trkpt>
  <trkpt lat="50.74543316" lon="14.02407419"><ele>439.566</ele><time>2026-09-27T09:01:01Z</time><speed>21.740</speed><sat>34</sat></trkpt>
  <trkpt lat="50.74557427" lon="14.02427894"><ele>438.804</ele><time>2026-09-27T09:01:02Z</time><speed>21.730</speed><sat>34</sat></trkpt>
  <trkpt lat="50.74571526" lon="14.02448592"><ele>438.138</ele><time>2026-09-27T09:01:03Z</time><speed>21.680</speed><sat>34</sat></trkpt>
  <trkpt lat="50.74585890" lon="14.02469823"><ele>437.498</ele><time>2026-09-27T09:01:04Z</time><speed>21.620</speed><sat>34</sat></trkpt>
  <trkpt lat="50.74600047" lon="14.02490832"><ele>436.705</ele><time>2026-09-27T09:01:05Z</time><speed>21.580</speed><sat>34</sat></trkpt>
  <trkpt lat="50.74614271" lon="14.02511980"><ele>435.932</ele><time>2026-09-27T09:01:06Z</time><speed>21.560</speed><sat>33</sat></trkpt>
  <trkpt lat="50.74628429" lon="14.02532682"><ele>435.266</ele><time>2026-09-27T09:01:07Z</time><speed>21.480</speed><sat>33</sat></trkpt>
  <trkpt lat="50.74642315" lon="14.02553590"><ele>434.230</ele><time>2026-09-27T09:01:08Z</time><speed>21.480</speed><sat>33</sat></trkpt>
  <trkpt lat="50.74656219" lon="14.02574404"><ele>433.590</ele><time>2026-09-27T09:01:09Z</time><speed>21.470</speed><sat>32</sat></trkpt>
  <trkpt lat="50.74670669" lon="14.02595788"><ele>433.221</ele><time>2026-09-27T09:01:10Z</time><speed>21.470</speed><sat>31</sat></trkpt>
  <trkpt lat="50.74684604" lon="14.02616523"><ele>432.820</ele><time>2026-09-27T09:01:11Z</time><speed>21.470</speed><sat>31</sat></trkpt>
  <trkpt lat="50.74698541" lon="14.02637488"><ele>432.079</ele><time>2026-09-27T09:01:12Z</time><speed>21.470</speed><sat>32</sat></trkpt>
  <trkpt lat="50.74712683" lon="14.02658123"><ele>431.360</ele><time>2026-09-27T09:01:13Z</time><speed>21.490</speed><sat>32</sat></trkpt>
  <trkpt lat="50.74726968" lon="14.02678845"><ele>430.439</ele><time>2026-09-27T09:01:14Z</time><speed>21.460</speed><sat>32</sat></trkpt>
  <trkpt lat="50.74741139" lon="14.02699395"><ele>429.549</ele><time>2026-09-27T09:01:15Z</time><speed>21.500</speed><sat>33</sat></trkpt>
  <trkpt lat="50.74755224" lon="14.02720078"><ele>428.820</ele><time>2026-09-27T09:01:16Z</time><speed>21.470</speed><sat>34</sat></trkpt>
  <trkpt lat="50.74769246" lon="14.02741094"><ele>428.113</ele><time>2026-09-27T09:01:17Z</time><speed>21.480</speed><sat>34</sat></trkpt>
  <trkpt lat="50.74783321" lon="14.02761898"><ele>427.178</ele><time>2026-09-27T09:01:18Z</time><speed>21.460</speed><sat>34</sat></trkpt>
  <trkpt lat="50.74797400" lon="14.02782370"><ele>426.323</ele><time>2026-09-27T09:01:19Z</time><speed>21.450</speed><sat>34</sat></trkpt>
  <trkpt lat="50.74811586" lon="14.02803331"><ele>425.467</ele><time>2026-09-27T09:01:20Z</time><speed>21.480</speed><sat>34</sat></trkpt>
  <trkpt lat="50.74825703" lon="14.02824229"><ele>424.654</ele><time>2026-09-27T09:01:21Z</time><speed>21.480</speed><sat>33</sat></trkpt>
  <trkpt lat="50.74839723" lon="14.02844930"><ele>423.942</ele><time>2026-09-27T09:01:22Z</time><speed>21.450</speed><sat>31</sat></trkpt>
  <trkpt lat="50.74854033" lon="14.02865660"><ele>422.970</ele><time>2026-09-27T09:01:23Z</time><speed>21.460</speed><sat>31</sat></trkpt>
  <trkpt lat="50.74868239" lon="14.02886252"><ele>421.985</ele><time>2026-09-27T09:01:24Z</time><speed>21.460</speed><sat>32</sat></trkpt>
  <trkpt lat="50.74882388" lon="14.02906951"><ele>421.161</ele><time>2026-09-27T09:01:25Z</time><speed>21.490</speed><sat>32</sat></trkpt>
  <trkpt lat="50.74896424" lon="14.02928015"><ele>420.479</ele><time>2026-09-27T09:01:26Z</time><speed>21.500</speed><sat>32</sat></trkpt>
  <trkpt lat="50.74910315" lon="14.02948643"><ele>419.931</ele><time>2026-09-27T09:01:27Z</time><speed>21.500</speed><sat>32</sat></trkpt>
  <trkpt lat="50.74924156" lon="14.02969363"><ele>419.065</ele><time>2026-09-27T09:01:28Z</time><speed>21.520</speed><sat>32</sat></trkpt>
  <trkpt lat="50.74938419" lon="14.02990438"><ele>418.497</ele><time>2026-09-27T09:01:29Z</time><speed>21.580</speed><sat>32</sat></trkpt>
  <trkpt lat="50.74952736" lon="14.03011619"><ele>418.024</ele><time>2026-09-27T09:01:30Z</time><speed>21.580</speed><sat>33</sat></trkpt>
  <trkpt lat="50.74966938" lon="14.03032283"><ele>417.172</ele><time>2026-09-27T09:01:31Z</time><speed>21.630</speed><sat>34</sat></trkpt>
  <trkpt lat="50.74981175" lon="14.03053151"><ele>416.475</ele><time>2026-09-27T09:01:32Z</time><speed>21.680</speed><sat>34</sat></trkpt>
  <trkpt lat="50.74995297" lon="14.03074172"><ele>415.657</ele><time>2026-09-27T09:01:33Z</time><speed>21.790</speed><sat>34</sat></trkpt>
  <trkpt lat="50.75009564" lon="14.03095346"><ele>415.155</ele><time>2026-09-27T09:01:34Z</time><speed>21.830</speed><sat>34</sat></trkpt>
  <trkpt lat="50.75023842" lon="14.03116591"><ele>414.406</ele><time>2026-09-27T09:01:35Z</time><speed>21.850</speed><sat>34</sat></trkpt>
  <trkpt lat="50.75038084" lon="14.03137727"><ele>413.547</ele><time>2026-09-27T09:01:36Z</time><speed>21.830</speed><sat>33</sat></trkpt>
  <trkpt lat="50.75052358" lon="14.03158465"><ele>412.819</ele><time>2026-09-27T09:01:37Z</time><speed>21.620</speed><sat>32</sat></trkpt>
  <trkpt lat="50.75066012" lon="14.03179099"><ele>411.903</ele><time>2026-09-27T09:01:38Z</time><speed>21.390</speed><sat>32</sat></trkpt>
  <trkpt lat="50.75079863" lon="14.03199576"><ele>411.004</ele><time>2026-09-27T09:01:39Z</time><speed>21.160</speed><sat>32</sat></trkpt>
  <trkpt lat="50.75093308" lon="14.03219878"><ele>410.376</ele><time>2026-09-27T09:01:40Z</time><speed>20.800</speed><sat>32</sat></trkpt>
  <trkpt lat="50.75106646" lon="14.03239966"><ele>409.662</ele><time>2026-09-27T09:01:41Z</time><speed>20.450</speed><sat>32</sat></trkpt>
  <trkpt lat="50.75119811" lon="14.03259417"><ele>408.986</ele><time>2026-09-27T09:01:42Z</time><speed>19.870</speed><sat>33</sat></trkpt>
  <trkpt lat="50.75132104" lon="14.03277624"><ele>408.244</ele><time>2026-09-27T09:01:43Z</time><speed>18.820</speed><sat>33</sat></trkpt>
  <trkpt lat="50.75143572" lon="14.03294171"><ele>407.576</ele><time>2026-09-27T09:01:44Z</time><speed>17.200</speed><sat>33</sat></trkpt>
  <trkpt lat="50.75154348" lon="14.03308816"><ele>407.259</ele><time>2026-09-27T09:01:45Z</time><speed>15.570</speed><sat>33</sat></trkpt>
  <trkpt lat="50.75164528" lon="14.03321587"><ele>406.533</ele><time>2026-09-27T09:01:46Z</time><speed>14.200</speed><sat>33</sat></trkpt>
  <trkpt lat="50.75174097" lon="14.03332503"><ele>406.029</ele><time>2026-09-27T09:01:47Z</time><speed>13.160</speed><sat>33</sat></trkpt>
  <trkpt lat="50.75183984" lon="14.03342428"><ele>405.800</ele><time>2026-09-27T09:01:48Z</time><speed>13.010</speed><sat>34</sat></trkpt>
  <trkpt lat="50.75194117" lon="14.03352024"><ele>405.217</ele><time>2026-09-27T09:01:49Z</time><speed>13.170</speed><sat>34</sat></trkpt>
  <trkpt lat="50.75204630" lon="14.03361136"><ele>404.682</ele><time>2026-09-27T09:01:50Z</time><speed>13.330</speed><sat>34</sat></trkpt>
  <trkpt lat="50.75215260" lon="14.03370794"><ele>404.108</ele><time>2026-09-27T09:01:51Z</time><speed>13.420</speed><sat>34</sat></trkpt>
  <trkpt lat="50.75225840" lon="14.03380725"><ele>403.543</ele><time>2026-09-27T09:01:52Z</time><speed>13.490</speed><sat>34</sat></trkpt>
  <trkpt lat="50.75236014" lon="14.03390765"><ele>402.930</ele><time>2026-09-27T09:01:53Z</time><speed>13.550</speed><sat>34</sat></trkpt>
  <trkpt lat="50.75246174" lon="14.03401137"><ele>402.588</ele><time>2026-09-27T09:01:54Z</time><speed>13.450</speed><sat>34</sat></trkpt>
  <trkpt lat="50.75255941" lon="14.03410573"><ele>402.355</ele><time>2026-09-27T09:01:55Z</time><speed>12.980</speed><sat>33</sat></trkpt>
  <trkpt lat="50.75265901" lon="14.03418214"><ele>401.761</ele><time>2026-09-27T09:01:56Z</time><speed>12.480</speed><sat>33</sat></trkpt>
  <trkpt lat="50.75276583" lon="14.03423578"><ele>401.019</ele><time>2026-09-27T09:01:57Z</time><speed>12.350</speed><sat>34</sat></trkpt>
  <trkpt lat="50.75287898" lon="14.03424901"><ele>400.370</ele><time>2026-09-27T09:01:58Z</time><speed>12.480</speed><sat>34</sat></trkpt>
  <trkpt lat="50.75299139" lon="14.03423856"><ele>399.719</ele><time>2026-09-27T09:01:59Z</time><speed>12.610</speed><sat>33</sat></trkpt>
  <trkpt lat="50.75310745" lon="14.03423728"><ele>399.121</ele><time>2026-09-27T09:02:00Z</time><speed>12.730</speed><sat>33</sat></trkpt>
  <trkpt lat="50.75321884" lon="14.03425678"><ele>399.022</ele><time>2026-09-27T09:02:01Z</time><speed>12.660</speed><sat>33</sat></trkpt>
  <trkpt lat="50.75332716" lon="14.03431468"><ele>399.365</ele><time>2026-09-27T09:02:02Z</time><speed>12.670</speed><sat>33</sat></trkpt>
  <trkpt lat="50.75342701" lon="14.03440315"><ele>398.657</ele><time>2026-09-27T09:02:03Z</time><speed>12.480</speed><sat>33</sat></trkpt>
  <trkpt lat="50.75351905" lon="14.03450417"><ele>398.327</ele><time>2026-09-27T09:02:04Z</time><speed>12.450</speed><sat>33</sat></trkpt>
  <trkpt lat="50.75360737" lon="14.03460845"><ele>398.263</ele><time>2026-09-27T09:02:05Z</time><speed>12.370</speed><sat>33</sat></trkpt>
  <trkpt lat="50.75369338" lon="14.03471802"><ele>397.807</ele><time>2026-09-27T09:02:06Z</time><speed>12.570</speed><sat>33</sat></trkpt>
  <trkpt lat="50.75378058" lon="14.03483628"><ele>397.809</ele><time>2026-09-27T09:02:07Z</time><speed>13.000</speed><sat>33</sat></trkpt>
  <trkpt lat="50.75387072" lon="14.03496024"><ele>396.880</ele><time>2026-09-27T09:02:08Z</time><speed>13.380</speed><sat>33</sat></trkpt>
  <trkpt lat="50.75396766" lon="14.03508478"><ele>396.737</ele><time>2026-09-27T09:02:09Z</time><speed>13.760</speed><sat>33</sat></trkpt>
  <trkpt lat="50.75406528" lon="14.03521226"><ele>396.814</ele><time>2026-09-27T09:02:10Z</time><speed>13.930</speed><sat>33</sat></trkpt>
  <trkpt lat="50.75416448" lon="14.03532891"><ele>396.603</ele><time>2026-09-27T09:02:11Z</time><speed>13.800</speed><sat>33</sat></trkpt>
  <trkpt lat="50.75426895" lon="14.03543597"><ele>396.010</ele><time>2026-09-27T09:02:12Z</time><speed>13.580</speed><sat>32</sat></trkpt>
  <trkpt lat="50.75437960" lon="14.03552125"><ele>395.624</ele><time>2026-09-27T09:02:13Z</time><speed>13.680</speed><sat>32</sat></trkpt>
  <trkpt lat="50.75449542" lon="14.03559387"><ele>395.310</ele><time>2026-09-27T09:02:14Z</time><speed>13.810</speed><sat>33</sat></trkpt>
  <trkpt lat="50.75461369" lon="14.03566322"><ele>395.128</ele><time>2026-09-27T09:02:15Z</time><speed>13.880</speed><sat>32</sat></trkpt>
  <trkpt lat="50.75473160" lon="14.03573997"><ele>394.617</ele><time>2026-09-27T09:02:16Z</time><speed>14.040</speed><sat>34</sat></trkpt>
  <trkpt lat="50.75484785" lon="14.03582069"><ele>394.093</ele><time>2026-09-27T09:02:17Z</time><speed>14.110</speed><sat>34</sat></trkpt>
  <trkpt lat="50.75496146" lon="14.03591125"><ele>393.731</ele><time>2026-09-27T09:02:18Z</time><speed>14.040</speed><sat>34</sat></trkpt>
  <trkpt lat="50.75506403" lon="14.03602013"><ele>393.349</ele><time>2026-09-27T09:02:19Z</time><speed>13.940</speed><sat>34</sat></trkpt>
  <trkpt lat="50.75515211" lon="14.03615719"><ele>393.389</ele><time>2026-09-27T09:02:20Z</time><speed>13.760</speed><sat>34</sat></trkpt>
  <trkpt lat="50.75522469" lon="14.03630635"><ele>393.303</ele><time>2026-09-27T09:02:21Z</time><speed>13.330</speed><sat>34</sat></trkpt>
  <trkpt lat="50.75528302" lon="14.03646719"><ele>393.129</ele><time>2026-09-27T09:02:22Z</time><speed>13.070</speed><sat>34</sat></trkpt>
  <trkpt lat="50.75533054" lon="14.03663416"><ele>392.840</ele><time>2026-09-27T09:02:23Z</time><speed>12.900</speed><sat>33</sat></trkpt>
  <trkpt lat="50.75536623" lon="14.03680545"><ele>392.340</ele><time>2026-09-27T09:02:24Z</time><speed>12.910</speed><sat>32</sat></trkpt>
  <trkpt lat="50.75540333" lon="14.03698086"><ele>392.126</ele><time>2026-09-27T09:02:25Z</time><speed>13.130</speed><sat>34</sat></trkpt>
  <trkpt lat="50.75544157" lon="14.03716129"><ele>391.822</ele><time>2026-09-27T09:02:26Z</time><speed>13.370</speed><sat>34</sat></trkpt>
  <trkpt lat="50.75548967" lon="14.03733912"><ele>391.412</ele><time>2026-09-27T09:02:27Z</time><speed>13.570</speed><sat>34</sat></trkpt>
  <trkpt lat="50.75554802" lon="14.03750670"><ele>390.579</ele><time>2026-09-27T09:02:28Z</time><speed>13.380</speed><sat>34</sat></trkpt>
  <trkpt lat="50.75561861" lon="14.03766204"><ele>390.265</ele><time>2026-09-27T09:02:29Z</time><speed>13.280</speed><sat>34</sat></trkpt>
  <trkpt lat="50.75570367" lon="14.03780841"><ele>389.663</ele><time>2026-09-27T09:02:30Z</time><speed>13.510</speed><sat>34</sat></trkpt>
  <trkpt lat="50.75579743" lon="14.03793326"><ele>389.125</ele><time>2026-09-27T09:02:31Z</time><speed>13.470</speed><sat>34</sat></trkpt>
  <trkpt lat="50.75589124" lon="14.03805402"><ele>388.051</ele><time>2026-09-27T09:02:32Z</time><speed>13.650</speed><sat>34</sat></trkpt>
  <trkpt lat="50.75598650" lon="14.03817473"><ele>387.236</ele><time>2026-09-27T09:02:33Z</time><speed>13.820</speed><sat>34</sat></trkpt>
  <trkpt lat="50.75608639" lon="14.03829859"><ele>386.786</ele><time>2026-09-27T09:02:34Z</time><speed>14.220</speed><sat>34</sat></trkpt>
  <trkpt lat="50.75618488" lon="14.03842785"><ele>386.331</ele><time>2026-09-27T09:02:35Z</time><speed>14.310</speed><sat>33</sat></trkpt>
  <trkpt lat="50.75628319" lon="14.03855601"><ele>386.092</ele><time>2026-09-27T09:02:36Z</time><speed>14.280</speed><sat>33</sat></trkpt>
  <trkpt lat="50.75637864" lon="14.03868759"><ele>386.265</ele><time>2026-09-27T09:02:37Z</time><speed>14.110</speed><sat>33</sat></trkpt>
  <trkpt lat="50.75647044" lon="14.03882484"><ele>386.102</ele><time>2026-09-27T09:02:38Z</time><speed>13.930</speed><sat>33</sat></trkpt>
  <trkpt lat="50.75656074" lon="14.03896527"><ele>385.925</ele><time>2026-09-27T09:02:39Z</time><speed>14.060</speed><sat>33</sat></trkpt>
  <trkpt lat="50.75664921" lon="14.03910715"><ele>385.791</ele><time>2026-09-27T09:02:40Z</time><speed>14.070</speed><sat>32</sat></trkpt>
  <trkpt lat="50.75673951" lon="14.03925135"><ele>385.797</ele><time>2026-09-27T09:02:41Z</time><speed>14.160</speed><sat>33</sat></trkpt>
  <trkpt lat="50.75683364" lon="14.03938940"><ele>385.649</ele><time>2026-09-27T09:02:42Z</time><speed>14.060</speed><sat>33</sat></trkpt>
  <trkpt lat="50.75692323" lon="14.03952652"><ele>385.279</ele><time>2026-09-27T09:02:43Z</time><speed>13.930</speed><sat>32</sat></trkpt>
  <trkpt lat="50.75701845" lon="14.03966372"><ele>385.098</ele><time>2026-09-27T09:02:44Z</time><speed>13.830</speed><sat>32</sat></trkpt>
  <trkpt lat="50.75711174" lon="14.03978586"><ele>384.741</ele><time>2026-09-27T09:02:45Z</time><speed>13.780</speed><sat>32</sat></trkpt>
  <trkpt lat="50.75721537" lon="14.03988826"><ele>384.120</ele><time>2026-09-27T09:02:46Z</time><speed>13.530</speed><sat>32</sat></trkpt>
  <trkpt lat="50.75732816" lon="14.03996655"><ele>383.673</ele><time>2026-09-27T09:02:47Z</time><speed>13.580</speed><sat>31</sat></trkpt>
  <trkpt lat="50.75744875" lon="14.04001202"><ele>383.170</ele><time>2026-09-27T09:02:48Z</time><speed>13.520</speed><sat>31</sat></trkpt>
  <trkpt lat="50.75756908" lon="14.04005039"><ele>382.984</ele><time>2026-09-27T09:02:49Z</time><speed>13.590</speed><sat>31</sat></trkpt>
  <trkpt lat="50.75768507" lon="14.04011491"><ele>382.474</ele><time>2026-09-27T09:02:50Z</time><speed>13.390</speed><sat>31</sat></trkpt>
  <trkpt lat="50.75779178" lon="14.04020456"><ele>382.333</ele><time>2026-09-27T09:02:51Z</time><speed>13.260</speed><sat>31</sat></trkpt>
  <trkpt lat="50.75788635" lon="14.04031306"><ele>382.377</ele><time>2026-09-27T09:02:52Z</time><speed>13.060</speed><sat>33</sat></trkpt>
  <trkpt lat="50.75797888" lon="14.04043120"><ele>382.300</ele><time>2026-09-27T09:02:53Z</time><speed>12.860</speed><sat>34</sat></trkpt>
  <trkpt lat="50.75807455" lon="14.04052652"><ele>381.817</ele><time>2026-09-27T09:02:54Z</time><speed>12.670</speed><sat>34</sat></trkpt>
  <trkpt lat="50.75817456" lon="14.04060921"><ele>381.258</ele><time>2026-09-27T09:02:55Z</time><speed>12.540</speed><sat>34</sat></trkpt>
  <trkpt lat="50.75827818" lon="14.04067816"><ele>380.731</ele><time>2026-09-27T09:02:56Z</time><speed>12.440</speed><sat>34</sat></trkpt>
  <trkpt lat="50.75838294" lon="14.04074736"><ele>380.170</ele><time>2026-09-27T09:02:57Z</time><speed>12.640</speed><sat>34</sat></trkpt>
  <trkpt lat="50.75849162" lon="14.04081164"><ele>379.626</ele><time>2026-09-27T09:02:58Z</time><speed>12.900</speed><sat>34</sat></trkpt>
  <trkpt lat="50.75859879" lon="14.04086515"><ele>379.058</ele><time>2026-09-27T09:02:59Z</time><speed>13.150</speed><sat>33</sat></trkpt>
  <trkpt lat="50.75871207" lon="14.04092864"><ele>378.807</ele><time>2026-09-27T09:03:00Z</time><speed>13.440</speed><sat>33</sat></trkpt>
  <trkpt lat="50.75883186" lon="14.04098814"><ele>378.353</ele><time>2026-09-27T09:03:01Z</time><speed>13.870</speed><sat>32</sat></trkpt>
  <trkpt lat="50.75895422" lon="14.04104627"><ele>377.449</ele><time>2026-09-27T09:03:02Z</time><speed>14.310</speed><sat>32</sat></trkpt>
  <trkpt lat="50.75907428" lon="14.04111469"><ele>376.979</ele><time>2026-09-27T09:03:03Z</time><speed>14.320</speed><sat>31</sat></trkpt>
  <trkpt lat="50.75918906" lon="14.04120393"><ele>376.727</ele><time>2026-09-27T09:03:04Z</time><speed>14.600</speed><sat>32</sat></trkpt>
  <trkpt lat="50.75929559" lon="14.04131691"><ele>377.095</ele><time>2026-09-27T09:03:05Z</time><speed>14.420</speed><sat>32</sat></trkpt>
  <trkpt lat="50.75939269" lon="14.04144218"><ele>377.019</ele><time>2026-09-27T09:03:06Z</time><speed>14.120</speed><sat>32</sat></trkpt>
  <trkpt lat="50.75948462" lon="14.04158251"><ele>377.067</ele><time>2026-09-27T09:03:07Z</time><speed>14.170</speed><sat>31</sat></trkpt>
  <trkpt lat="50.75957201" lon="14.04173318"><ele>377.225</ele><time>2026-09-27T09:03:08Z</time><speed>14.420</speed><sat>33</sat></trkpt>
  <trkpt lat="50.75965324" lon="14.04188577"><ele>376.999</ele><time>2026-09-27T09:03:09Z</time><speed>14.200</speed><sat>34</sat></trkpt>
  <trkpt lat="50.75973631" lon="14.04204432"><ele>376.893</ele><time>2026-09-27T09:03:10Z</time><speed>14.380</speed><sat>34</sat></trkpt>
  <trkpt lat="50.75981376" lon="14.04220718"><ele>376.218</ele><time>2026-09-27T09:03:11Z</time><speed>14.370</speed><sat>33</sat></trkpt>
  <trkpt lat="50.75989623" lon="14.04237058"><ele>375.952</ele><time>2026-09-27T09:03:12Z</time><speed>14.550</speed><sat>35</sat></trkpt>
  <trkpt lat="50.75998103" lon="14.04253693"><ele>375.948</ele><time>2026-09-27T09:03:13Z</time><speed>14.790</speed><sat>35</sat></trkpt>
  <trkpt lat="50.76006374" lon="14.04271228"><ele>375.605</ele><time>2026-09-27T09:03:14Z</time><speed>15.300</speed><sat>34</sat></trkpt>
  <trkpt lat="50.76014266" lon="14.04289530"><ele>375.666</ele><time>2026-09-27T09:03:15Z</time><speed>15.430</speed><sat>34</sat></trkpt>
  <trkpt lat="50.76021953" lon="14.04307673"><ele>375.331</ele><time>2026-09-27T09:03:16Z</time><speed>15.480</speed><sat>34</sat></trkpt>
  <trkpt lat="50.76028068" lon="14.04326303"><ele>374.904</ele><time>2026-09-27T09:03:17Z</time><speed>14.790</speed><sat>34</sat></trkpt>
  <trkpt lat="50.76033051" lon="14.04345238"><ele>374.633</ele><time>2026-09-27T09:03:18Z</time><speed>14.380</speed><sat>34</sat></trkpt>
  <trkpt lat="50.76038184" lon="14.04363845"><ele>374.439</ele><time>2026-09-27T09:03:19Z</time><speed>14.190</speed><sat>33</sat></trkpt>
  <trkpt lat="50.76042689" lon="14.04382737"><ele>374.224</ele><time>2026-09-27T09:03:20Z</time><speed>14.370</speed><sat>33</sat></trkpt>
  <trkpt lat="50.76047363" lon="14.04401167"><ele>373.820</ele><time>2026-09-27T09:03:21Z</time><speed>14.000</speed><sat>33</sat></trkpt>
  <trkpt lat="50.76051933" lon="14.04419750"><ele>373.599</ele><time>2026-09-27T09:03:22Z</time><speed>14.090</speed><sat>33</sat></trkpt>
  <trkpt lat="50.76056753" lon="14.04438468"><ele>373.367</ele><time>2026-09-27T09:03:23Z</time><speed>14.420</speed><sat>33</sat></trkpt>
  <trkpt lat="50.76061748" lon="14.04457391"><ele>373.149</ele><time>2026-09-27T09:03:24Z</time><speed>14.510</speed><sat>32</sat></trkpt>
  <trkpt lat="50.76066558" lon="14.04476363"><ele>372.693</ele><time>2026-09-27T09:03:25Z</time><speed>14.540</speed><sat>32</sat></trkpt>
  <trkpt lat="50.76071203" lon="14.04495654"><ele>372.220</ele><time>2026-09-27T09:03:26Z</time><speed>14.540</speed><sat>32</sat></trkpt>
  <trkpt lat="50.76075982" lon="14.04515386"><ele>371.794</ele><time>2026-09-27T09:03:27Z</time><speed>14.590</speed><sat>30</sat></trkpt>
  <trkpt lat="50.76081026" lon="14.04534927"><ele>371.484</ele><time>2026-09-27T09:03:28Z</time><speed>14.690</speed><sat>25</sat></trkpt>
  <trkpt lat="50.76086183" lon="14.04554233"><ele>370.999</ele><time>2026-09-27T09:03:29Z</time><speed>14.730</speed><sat>24</sat></trkpt>
  <trkpt lat="50.76091082" lon="14.04573520"><ele>370.707</ele><time>2026-09-27T09:03:30Z</time><speed>14.650</speed><sat>24</sat></trkpt>
  <trkpt lat="50.76096082" lon="14.04592691"><ele>370.468</ele><time>2026-09-27T09:03:31Z</time><speed>14.590</speed><sat>24</sat></trkpt>
  <trkpt lat="50.76101252" lon="14.04611690"><ele>370.087</ele><time>2026-09-27T09:03:32Z</time><speed>14.570</speed><sat>25</sat></trkpt>
  <trkpt lat="50.76106309" lon="14.04630514"><ele>369.845</ele><time>2026-09-27T09:03:33Z</time><speed>14.470</speed><sat>26</sat></trkpt>
  <trkpt lat="50.76111263" lon="14.04648977"><ele>369.676</ele><time>2026-09-27T09:03:34Z</time><speed>14.360</speed><sat>25</sat></trkpt>
  <trkpt lat="50.76114864" lon="14.04667738"><ele>369.349</ele><time>2026-09-27T09:03:35Z</time><speed>13.870</speed><sat>25</sat></trkpt>
  <trkpt lat="50.76115387" lon="14.04685938"><ele>368.250</ele><time>2026-09-27T09:03:36Z</time><speed>13.190</speed><sat>26</sat></trkpt>
  <trkpt lat="50.76117178" lon="14.04704258"><ele>368.895</ele><time>2026-09-27T09:03:37Z</time><speed>12.830</speed><sat>28</sat></trkpt>
  <trkpt lat="50.76116408" lon="14.04722920"><ele>369.246</ele><time>2026-09-27T09:03:38Z</time><speed>12.810</speed><sat>29</sat></trkpt>
  <trkpt lat="50.76114686" lon="14.04741401"><ele>369.825</ele><time>2026-09-27T09:03:39Z</time><speed>12.930</speed><sat>30</sat></trkpt>
  <trkpt lat="50.76112428" lon="14.04759590"><ele>369.957</ele><time>2026-09-27T09:03:40Z</time><speed>13.070</speed><sat>31</sat></trkpt>
  <trkpt lat="50.76109335" lon="14.04777617"><ele>370.092</ele><time>2026-09-27T09:03:41Z</time><speed>13.290</speed><sat>31</sat></trkpt>
  <trkpt lat="50.76106615" lon="14.04795872"><ele>369.220</ele><time>2026-09-27T09:03:42Z</time><speed>13.470</speed><sat>32</sat></trkpt>
  <trkpt lat="50.76104960" lon="14.04815129"><ele>368.769</ele><time>2026-09-27T09:03:43Z</time><speed>13.630</speed><sat>31</sat></trkpt>
  <trkpt lat="50.76104432" lon="14.04834609"><ele>368.492</ele><time>2026-09-27T09:03:44Z</time><speed>13.730</speed><sat>31</sat></trkpt>
  <trkpt lat="50.76104898" lon="14.04853857"><ele>368.449</ele><time>2026-09-27T09:03:45Z</time><speed>13.770</speed><sat>31</sat></trkpt>
  <trkpt lat="50.76105837" lon="14.04873514"><ele>368.090</ele><time>2026-09-27T09:03:46Z</time><speed>13.730</speed><sat>31</sat></trkpt>
  <trkpt lat="50.76107663" lon="14.04892890"><ele>367.484</ele><time>2026-09-27T09:03:47Z</time><speed>13.650</speed><sat>31</sat></trkpt>
  <trkpt lat="50.76109231" lon="14.04911863"><ele>367.258</ele><time>2026-09-27T09:03:48Z</time><speed>13.480</speed><sat>30</sat></trkpt>
  <trkpt lat="50.76110916" lon="14.04930348"><ele>367.206</ele><time>2026-09-27T09:03:49Z</time><speed>13.350</speed><sat>30</sat></trkpt>
  <trkpt lat="50.76112091" lon="14.04949114"><ele>367.107</ele><time>2026-09-27T09:03:50Z</time><speed>13.160</speed><sat>31</sat></trkpt>
  <trkpt lat="50.76113163" lon="14.04967297"><ele>366.698</ele><time>2026-09-27T09:03:51Z</time><speed>13.020</speed><sat>31</sat></trkpt>
  <trkpt lat="50.76114360" lon="14.04985552"><ele>366.714</ele><time>2026-09-27T09:03:52Z</time><speed>12.760</speed><sat>32</sat></trkpt>
  <trkpt lat="50.76115322" lon="14.05002894"><ele>366.616</ele><time>2026-09-27T09:03:53Z</time><speed>12.730</speed><sat>31</sat></trkpt>
  <trkpt lat="50.76115819" lon="14.05021347"><ele>366.182</ele><time>2026-09-27T09:03:54Z</time><speed>12.910</speed><sat>31</sat></trkpt>
  <trkpt lat="50.76116019" lon="14.05039649"><ele>365.802</ele><time>2026-09-27T09:03:55Z</time><speed>13.080</speed><sat>31</sat></trkpt>
  <trkpt lat="50.76115772" lon="14.05058888"><ele>365.530</ele><time>2026-09-27T09:03:56Z</time><speed>13.110</speed><sat>30</sat></trkpt>
  <trkpt lat="50.76115054" lon="14.05077270"><ele>365.670</ele><time>2026-09-27T09:03:57Z</time><speed>12.980</speed><sat>30</sat></trkpt>
  <trkpt lat="50.76114639" lon="14.05095297"><ele>365.380</ele><time>2026-09-27T09:03:58Z</time><speed>12.930</speed><sat>30</sat></trkpt>
  <trkpt lat="50.76114065" lon="14.05113620"><ele>365.319</ele><time>2026-09-27T09:03:59Z</time><speed>12.880</speed><sat>32</sat></trkpt>
  <trkpt lat="50.76112985" lon="14.05131433"><ele>365.153</ele><time>2026-09-27T09:04:00Z</time><speed>12.830</speed><sat>32</sat></trkpt>
  <trkpt lat="50.76110462" lon="14.05148826"><ele>365.505</ele><time>2026-09-27T09:04:01Z</time><speed>12.830</speed><sat>31</sat></trkpt>
  <trkpt lat="50.76106819" lon="14.05166093"><ele>365.315</ele><time>2026-09-27T09:04:02Z</time><speed>12.890</speed><sat>34</sat></trkpt>
  <trkpt lat="50.76101954" lon="14.05183325"><ele>364.940</ele><time>2026-09-27T09:04:03Z</time><speed>12.810</speed><sat>33</sat></trkpt>
  <trkpt lat="50.76096501" lon="14.05199802"><ele>364.069</ele><time>2026-09-27T09:04:04Z</time><speed>12.950</speed><sat>34</sat></trkpt>
  <trkpt lat="50.76092451" lon="14.05217561"><ele>363.435</ele><time>2026-09-27T09:04:05Z</time><speed>13.020</speed><sat>33</sat></trkpt>
  <trkpt lat="50.76088547" lon="14.05234785"><ele>363.231</ele><time>2026-09-27T09:04:06Z</time><speed>12.930</speed><sat>34</sat></trkpt>
  <trkpt lat="50.76086643" lon="14.05252615"><ele>363.224</ele><time>2026-09-27T09:04:07Z</time><speed>12.960</speed><sat>34</sat></trkpt>
  <trkpt lat="50.76086342" lon="14.05270883"><ele>362.962</ele><time>2026-09-27T09:04:08Z</time><speed>12.920</speed><sat>34</sat></trkpt>
  <trkpt lat="50.76087674" lon="14.05289140"><ele>362.582</ele><time>2026-09-27T09:04:09Z</time><speed>12.960</speed><sat>36</sat></trkpt>
  <trkpt lat="50.76090649" lon="14.05307425"><ele>362.069</ele><time>2026-09-27T09:04:10Z</time><speed>13.040</speed><sat>36</sat></trkpt>
  <trkpt lat="50.76094962" lon="14.05324257"><ele>362.193</ele><time>2026-09-27T09:04:11Z</time><speed>13.130</speed><sat>36</sat></trkpt>
  <trkpt lat="50.76100673" lon="14.05340524"><ele>362.026</ele><time>2026-09-27T09:04:12Z</time><speed>13.150</speed><sat>35</sat></trkpt>
  <trkpt lat="50.76107064" lon="14.05356542"><ele>361.861</ele><time>2026-09-27T09:04:13Z</time><speed>13.270</speed><sat>34</sat></trkpt>
  <trkpt lat="50.76113477" lon="14.05372711"><ele>361.601</ele><time>2026-09-27T09:04:14Z</time><speed>13.360</speed><sat>33</sat></trkpt>
  <trkpt lat="50.76120022" lon="14.05388927"><ele>361.412</ele><time>2026-09-27T09:04:15Z</time><speed>13.430</speed><sat>30</sat></trkpt>
  <trkpt lat="50.76126426" lon="14.05405211"><ele>361.150</ele><time>2026-09-27T09:04:16Z</time><speed>13.500</speed><sat>29</sat></trkpt>
  <trkpt lat="50.76132547" lon="14.05421276"><ele>360.805</ele><time>2026-09-27T09:04:17Z</time><speed>13.380</speed><sat>29</sat></trkpt>
  <trkpt lat="50.76138222" lon="14.05437753"><ele>360.669</ele><time>2026-09-27T09:04:18Z</time><speed>13.180</speed><sat>26</sat></trkpt>
  <trkpt lat="50.76142620" lon="14.05456183"><ele>360.031</ele><time>2026-09-27T09:04:19Z</time><speed>13.200</speed><sat>25</sat></trkpt>
  <trkpt lat="50.76143948" lon="14.05473820"><ele>359.907</ele><time>2026-09-27T09:04:20Z</time><speed>13.010</speed><sat>26</sat></trkpt>
  <trkpt lat="50.76144250" lon="14.05492140"><ele>360.148</ele><time>2026-09-27T09:04:21Z</time><speed>12.690</speed><sat>26</sat></trkpt>
  <trkpt lat="50.76141475" lon="14.05509887"><ele>359.639</ele><time>2026-09-27T09:04:22Z</time><speed>12.650</speed><sat>26</sat></trkpt>
  <trkpt lat="50.76138002" lon="14.05528583"><ele>359.154</ele><time>2026-09-27T09:04:23Z</time><speed>12.630</speed><sat>27</sat></trkpt>
  <trkpt lat="50.76135069" lon="14.05546611"><ele>358.630</ele><time>2026-09-27T09:04:24Z</time><speed>12.720</speed><sat>29</sat></trkpt>
  <trkpt lat="50.76132749" lon="14.05563743"><ele>358.420</ele><time>2026-09-27T09:04:25Z</time><speed>12.790</speed><sat>30</sat></trkpt>
  <trkpt lat="50.76128922" lon="14.05581296"><ele>358.173</ele><time>2026-09-27T09:04:26Z</time><speed>12.970</speed><sat>33</sat></trkpt>
  <trkpt lat="50.76122812" lon="14.05596691"><ele>358.249</ele><time>2026-09-27T09:04:27Z</time><speed>13.090</speed><sat>34</sat></trkpt>
  <trkpt lat="50.76116414" lon="14.05612542"><ele>357.929</ele><time>2026-09-27T09:04:28Z</time><speed>13.280</speed><sat>34</sat></trkpt>
  <trkpt lat="50.76110326" lon="14.05629252"><ele>357.672</ele><time>2026-09-27T09:04:29Z</time><speed>13.430</speed><sat>34</sat></trkpt>
  <trkpt lat="50.76104522" lon="14.05646333"><ele>357.557</ele><time>2026-09-27T09:04:30Z</time><speed>13.570</speed><sat>34</sat></trkpt>
  <trkpt lat="50.76099785" lon="14.05664432"><ele>356.905</ele><time>2026-09-27T09:04:31Z</time><speed>13.770</speed><sat>33</sat></trkpt>
  <trkpt lat="50.76095858" lon="14.05683636"><ele>357.370</ele><time>2026-09-27T09:04:32Z</time><speed>13.920</speed><sat>31</sat></trkpt>
  <trkpt lat="50.76094094" lon="14.05702798"><ele>357.127</ele><time>2026-09-27T09:04:33Z</time><speed>14.020</speed><sat>33</sat></trkpt>
  <trkpt lat="50.76091975" lon="14.05722590"><ele>356.980</ele><time>2026-09-27T09:04:34Z</time><speed>14.070</speed><sat>32</sat></trkpt>
  <trkpt lat="50.76089766" lon="14.05742047"><ele>356.755</ele><time>2026-09-27T09:04:35Z</time><speed>14.110</speed><sat>32</sat></trkpt>
  <trkpt lat="50.76086999" lon="14.05761160"><ele>356.831</ele><time>2026-09-27T09:04:36Z</time><speed>14.060</speed><sat>32</sat></trkpt>
  <trkpt lat="50.76083822" lon="14.05781074"><ele>356.657</ele><time>2026-09-27T09:04:37Z</time><speed>13.990</speed><sat>32</sat></trkpt>
  <trkpt lat="50.76080375" lon="14.05800185"><ele>356.650</ele><time>2026-09-27T09:04:38Z</time><speed>14.020</speed><sat>34</sat></trkpt>
  <trkpt lat="50.76076945" lon="14.05819095"><ele>356.173</ele><time>2026-09-27T09:04:39Z</time><speed>14.080</speed><sat>33</sat></trkpt>
  <trkpt lat="50.76073214" lon="14.05838584"><ele>356.018</ele><time>2026-09-27T09:04:40Z</time><speed>14.120</speed><sat>34</sat></trkpt>
  <trkpt lat="50.76069082" lon="14.05857795"><ele>356.099</ele><time>2026-09-27T09:04:41Z</time><speed>14.080</speed><sat>35</sat></trkpt>
  <trkpt lat="50.76065769" lon="14.05876878"><ele>356.227</ele><time>2026-09-27T09:04:42Z</time><speed>14.200</speed><sat>35</sat></trkpt>
  <trkpt lat="50.76061968" lon="14.05895694"><ele>356.457</ele><time>2026-09-27T09:04:43Z</time><speed>14.260</speed><sat>35</sat></trkpt>
  <trkpt lat="50.76058140" lon="14.05915091"><ele>356.264</ele><time>2026-09-27T09:04:44Z</time><speed>14.130</speed><sat>35</sat></trkpt>
  <trkpt lat="50.76053529" lon="14.05933536"><ele>355.964</ele><time>2026-09-27T09:04:45Z</time><speed>13.930</speed><sat>34</sat></trkpt>
  <trkpt lat="50.76048450" lon="14.05951181"><ele>355.823</ele><time>2026-09-27T09:04:46Z</time><speed>13.690</speed><sat>34</sat></trkpt>
  <trkpt lat="50.76043066" lon="14.05968461"><ele>355.641</ele><time>2026-09-27T09:04:47Z</time><speed>13.380</speed><sat>34</sat></trkpt>
  <trkpt lat="50.76037619" lon="14.05985256"><ele>355.241</ele><time>2026-09-27T09:04:48Z</time><speed>13.140</speed><sat>35</sat></trkpt>
  <trkpt lat="50.76033059" lon="14.06002243"><ele>354.988</ele><time>2026-09-27T09:04:49Z</time><speed>13.070</speed><sat>34</sat></trkpt>
  <trkpt lat="50.76029748" lon="14.06020370"><ele>354.618</ele><time>2026-09-27T09:04:50Z</time><speed>13.150</speed><sat>33</sat></trkpt>
  <trkpt lat="50.76027369" lon="14.06038926"><ele>354.079</ele><time>2026-09-27T09:04:51Z</time><speed>13.350</speed><sat>32</sat></trkpt>
  <trkpt lat="50.76026057" lon="14.06057545"><ele>353.661</ele><time>2026-09-27T09:04:52Z</time><speed>13.490</speed><sat>31</sat></trkpt>
  <trkpt lat="50.76025718" lon="14.06076610"><ele>353.242</ele><time>2026-09-27T09:04:53Z</time><speed>13.650</speed><sat>31</sat></trkpt>
  <trkpt lat="50.76025473" lon="14.06096301"><ele>353.094</ele><time>2026-09-27T09:04:54Z</time><speed>13.770</speed><sat>30</sat></trkpt>
  <trkpt lat="50.76025841" lon="14.06115604"><ele>352.690</ele><time>2026-09-27T09:04:55Z</time><speed>13.930</speed><sat>30</sat></trkpt>
  <trkpt lat="50.76026640" lon="14.06135533"><ele>352.313</ele><time>2026-09-27T09:04:56Z</time><speed>14.100</speed><sat>30</sat></trkpt>
  <trkpt lat="50.76027525" lon="14.06155485"><ele>352.089</ele><time>2026-09-27T09:04:57Z</time><speed>14.300</speed><sat>30</sat></trkpt>
  <trkpt lat="50.76028154" lon="14.06175962"><ele>351.896</ele><time>2026-09-27T09:04:58Z</time><speed>14.470</speed><sat>29</sat></trkpt>
  <trkpt lat="50.76028669" lon="14.06196444"><ele>351.486</ele><time>2026-09-27T09:04:59Z</time><speed>14.590</speed><sat>29</sat></trkpt>
  <trkpt lat="50.76028279" lon="14.06216739"><ele>351.206</ele><time>2026-09-27T09:05:00Z</time><speed>14.530</speed><sat>29</sat></trkpt>
  <trkpt lat="50.76027091" lon="14.06237004"><ele>350.817</ele><time>2026-09-27T09:05:01Z</time><speed>14.370</speed><sat>30</sat></trkpt>
  <trkpt lat="50.76024920" lon="14.06257200"><ele>350.432</ele><time>2026-09-27T09:05:02Z</time><speed>14.220</speed><sat>31</sat></trkpt>
  <trkpt lat="50.76022263" lon="14.06276680"><ele>350.373</ele><time>2026-09-27T09:05:03Z</time><speed>14.080</speed><sat>32</sat></trkpt>
  <trkpt lat="50.76019803" lon="14.06296023"><ele>350.072</ele><time>2026-09-27T09:05:04Z</time><speed>14.050</speed><sat>32</sat></trkpt>
  <trkpt lat="50.76016949" lon="14.06315359"><ele>350.059</ele><time>2026-09-27T09:05:05Z</time><speed>14.070</speed><sat>32</sat></trkpt>
  <trkpt lat="50.76014139" lon="14.06334915"><ele>349.831</ele><time>2026-09-27T09:05:06Z</time><speed>14.140</speed><sat>33</sat></trkpt>
  <trkpt lat="50.76011592" lon="14.06355275"><ele>349.643</ele><time>2026-09-27T09:05:07Z</time><speed>14.240</speed><sat>33</sat></trkpt>
  <trkpt lat="50.76008946" lon="14.06375159"><ele>349.254</ele><time>2026-09-27T09:05:08Z</time><speed>14.280</speed><sat>32</sat></trkpt>
  <trkpt lat="50.76006160" lon="14.06395067"><ele>349.054</ele><time>2026-09-27T09:05:09Z</time><speed>14.250</speed><sat>30</sat></trkpt>
  <trkpt lat="50.76003850" lon="14.06415048"><ele>348.665</ele><time>2026-09-27T09:05:10Z</time><speed>14.160</speed><sat>30</sat></trkpt>
  <trkpt lat="50.76001371" lon="14.06434431"><ele>348.668</ele><time>2026-09-27T09:05:11Z</time><speed>14.000</speed><sat>29</sat></trkpt>
  <trkpt lat="50.75999535" lon="14.06454461"><ele>348.234</ele><time>2026-09-27T09:05:12Z</time><speed>13.790</speed><sat>28</sat></trkpt>
  <trkpt lat="50.75997835" lon="14.06473938"><ele>348.241</ele><time>2026-09-27T09:05:13Z</time><speed>13.730</speed><sat>28</sat></trkpt>
  <trkpt lat="50.75995496" lon="14.06492728"><ele>348.025</ele><time>2026-09-27T09:05:14Z</time><speed>13.700</speed><sat>31</sat></trkpt>
  <trkpt lat="50.75993043" lon="14.06511575"><ele>347.929</ele><time>2026-09-27T09:05:15Z</time><speed>13.500</speed><sat>31</sat></trkpt>
  <trkpt lat="50.75989659" lon="14.06529587"><ele>348.031</ele><time>2026-09-27T09:05:16Z</time><speed>13.260</speed><sat>31</sat></trkpt>
  <trkpt lat="50.75986070" lon="14.06547668"><ele>347.943</ele><time>2026-09-27T09:05:17Z</time><speed>13.080</speed><sat>32</sat></trkpt>
  <trkpt lat="50.75981983" lon="14.06564759"><ele>347.689</ele><time>2026-09-27T09:05:18Z</time><speed>12.880</speed><sat>33</sat></trkpt>
  <trkpt lat="50.75977896" lon="14.06581873"><ele>347.366</ele><time>2026-09-27T09:05:19Z</time><speed>12.740</speed><sat>33</sat></trkpt>
  <trkpt lat="50.75973415" lon="14.06598981"><ele>346.912</ele><time>2026-09-27T09:05:20Z</time><speed>12.820</speed><sat>32</sat></trkpt>
  <trkpt lat="50.75967733" lon="14.06614993"><ele>346.548</ele><time>2026-09-27T09:05:21Z</time><speed>12.910</speed><sat>32</sat></trkpt>
  <trkpt lat="50.75961412" lon="14.06630220"><ele>346.397</ele><time>2026-09-27T09:05:22Z</time><speed>12.870</speed><sat>33</sat></trkpt>
  <trkpt lat="50.75954645" lon="14.06644966"><ele>346.227</ele><time>2026-09-27T09:05:23Z</time><speed>12.840</speed><sat>32</sat></trkpt>
  <trkpt lat="50.75947780" lon="14.06659721"><ele>346.267</ele><time>2026-09-27T09:05:24Z</time><speed>13.010</speed><sat>31</sat></trkpt>
  <trkpt lat="50.75940836" lon="14.06674675"><ele>346.136</ele><time>2026-09-27T09:05:25Z</time><speed>13.230</speed><sat>30</sat></trkpt>
  <trkpt lat="50.75933519" lon="14.06689411"><ele>345.982</ele><time>2026-09-27T09:05:26Z</time><speed>13.400</speed><sat>29</sat></trkpt>
  <trkpt lat="50.75926437" lon="14.06704840"><ele>345.760</ele><time>2026-09-27T09:05:27Z</time><speed>13.570</speed><sat>29</sat></trkpt>
  <trkpt lat="50.75919292" lon="14.06721088"><ele>345.755</ele><time>2026-09-27T09:05:28Z</time><speed>13.760</speed><sat>29</sat></trkpt>
  <trkpt lat="50.75912772" lon="14.06738156"><ele>345.689</ele><time>2026-09-27T09:05:29Z</time><speed>13.920</speed><sat>29</sat></trkpt>
  <trkpt lat="50.75906442" lon="14.06754961"><ele>345.717</ele><time>2026-09-27T09:05:30Z</time><speed>13.970</speed><sat>29</sat></trkpt>
  <trkpt lat="50.75900091" lon="14.06772468"><ele>345.656</ele><time>2026-09-27T09:05:31Z</time><speed>14.040</speed><sat>29</sat></trkpt>
  <trkpt lat="50.75893964" lon="14.06789050"><ele>345.480</ele><time>2026-09-27T09:05:32Z</time><speed>13.910</speed><sat>29</sat></trkpt>
  <trkpt lat="50.75887655" lon="14.06805618"><ele>345.293</ele><time>2026-09-27T09:05:33Z</time><speed>13.730</speed><sat>30</sat></trkpt>
  <trkpt lat="50.75881798" lon="14.06822287"><ele>344.870</ele><time>2026-09-27T09:05:34Z</time><speed>13.520</speed><sat>29</sat></trkpt>
  <trkpt lat="50.75875867" lon="14.06838524"><ele>344.561</ele><time>2026-09-27T09:05:35Z</time><speed>13.440</speed><sat>29</sat></trkpt>
  <trkpt lat="50.75870484" lon="14.06856217"><ele>344.151</ele><time>2026-09-27T09:05:36Z</time><speed>13.440</speed><sat>27</sat></trkpt>
  <trkpt lat="50.75865545" lon="14.06874340"><ele>344.024</ele><time>2026-09-27T09:05:37Z</time><speed>13.570</speed><sat>29</sat></trkpt>
  <trkpt lat="50.75861409" lon="14.06892859"><ele>343.913</ele><time>2026-09-27T09:05:38Z</time><speed>13.760</speed><sat>30</sat></trkpt>
  <trkpt lat="50.75858420" lon="14.06912560"><ele>343.773</ele><time>2026-09-27T09:05:39Z</time><speed>13.900</speed><sat>30</sat></trkpt>
  <trkpt lat="50.75855697" lon="14.06931834"><ele>343.583</ele><time>2026-09-27T09:05:40Z</time><speed>13.940</speed><sat>30</sat></trkpt>
  <trkpt lat="50.75853700" lon="14.06951071"><ele>343.469</ele><time>2026-09-27T09:05:41Z</time><speed>13.940</speed><sat>30</sat></trkpt>
  <trkpt lat="50.75851652" lon="14.06970469"><ele>343.348</ele><time>2026-09-27T09:05:42Z</time><speed>13.930</speed><sat>31</sat></trkpt>
  <trkpt lat="50.75849882" lon="14.06989854"><ele>343.368</ele><time>2026-09-27T09:05:43Z</time><speed>13.920</speed><sat>32</sat></trkpt>
  <trkpt lat="50.75848335" lon="14.07009151"><ele>343.357</ele><time>2026-09-27T09:05:44Z</time><speed>13.930</speed><sat>31</sat></trkpt>
  <trkpt lat="50.75847201" lon="14.07028441"><ele>343.496</ele><time>2026-09-27T09:05:45Z</time><speed>13.890</speed><sat>30</sat></trkpt>
  <trkpt lat="50.75846190" lon="14.07047848"><ele>343.406</ele><time>2026-09-27T09:05:46Z</time><speed>13.730</speed><sat>29</sat></trkpt>
  <trkpt lat="50.75845953" lon="14.07067128"><ele>343.485</ele><time>2026-09-27T09:05:47Z</time><speed>13.520</speed><sat>29</sat></trkpt>
  <trkpt lat="50.75846283" lon="14.07086076"><ele>343.695</ele><time>2026-09-27T09:05:48Z</time><speed>13.470</speed><sat>30</sat></trkpt>
  <trkpt lat="50.75847669" lon="14.07105152"><ele>343.491</ele><time>2026-09-27T09:05:49Z</time><speed>13.500</speed><sat>30</sat></trkpt>
  <trkpt lat="50.75849507" lon="14.07123813"><ele>343.275</ele><time>2026-09-27T09:05:50Z</time><speed>13.570</speed><sat>28</sat></trkpt>
  <trkpt lat="50.75851304" lon="14.07142990"><ele>343.233</ele><time>2026-09-27T09:05:51Z</time><speed>13.690</speed><sat>28</sat></trkpt>
  <trkpt lat="50.75852939" lon="14.07162010"><ele>343.128</ele><time>2026-09-27T09:05:52Z</time><speed>13.770</speed><sat>28</sat></trkpt>
  <trkpt lat="50.75854833" lon="14.07181463"><ele>343.064</ele><time>2026-09-27T09:05:53Z</time><speed>13.800</speed><sat>30</sat></trkpt>
  <trkpt lat="50.75856785" lon="14.07200569"><ele>343.002</ele><time>2026-09-27T09:05:54Z</time><speed>13.760</speed><sat>30</sat></trkpt>
  <trkpt lat="50.75858677" lon="14.07219740"><ele>343.073</ele><time>2026-09-27T09:05:55Z</time><speed>13.690</speed><sat>28</sat></trkpt>
  <trkpt lat="50.75860519" lon="14.07238713"><ele>343.441</ele><time>2026-09-27T09:05:56Z</time><speed>13.590</speed><sat>28</sat></trkpt>
  <trkpt lat="50.75863523" lon="14.07258516"><ele>343.506</ele><time>2026-09-27T09:05:57Z</time><speed>13.680</speed><sat>27</sat></trkpt>
  <trkpt lat="50.75867390" lon="14.07277034"><ele>343.593</ele><time>2026-09-27T09:05:58Z</time><speed>13.790</speed><sat>28</sat></trkpt>
  <trkpt lat="50.75871606" lon="14.07295407"><ele>343.977</ele><time>2026-09-27T09:05:59Z</time><speed>13.900</speed><sat>29</sat></trkpt>
  <trkpt lat="50.75877028" lon="14.07312821"><ele>344.041</ele><time>2026-09-27T09:06:00Z</time><speed>13.970</speed><sat>30</sat></trkpt>
  <trkpt lat="50.75882730" lon="14.07330427"><ele>344.123</ele><time>2026-09-27T09:06:01Z</time><speed>14.060</speed><sat>30</sat></trkpt>
  <trkpt lat="50.75888530" lon="14.07348177"><ele>344.421</ele><time>2026-09-27T09:06:02Z</time><speed>14.170</speed><sat>30</sat></trkpt>
  <trkpt lat="50.75894273" lon="14.07365880"><ele>344.915</ele><time>2026-09-27T09:06:03Z</time><speed>14.160</speed><sat>30</sat></trkpt>
  <trkpt lat="50.75899877" lon="14.07383859"><ele>345.164</ele><time>2026-09-27T09:06:04Z</time><speed>14.060</speed><sat>30</sat></trkpt>
  <trkpt lat="50.75906073" lon="14.07401494"><ele>345.284</ele><time>2026-09-27T09:06:05Z</time><speed>14.140</speed><sat>30</sat></trkpt>
  <trkpt lat="50.75912056" lon="14.07417599"><ele>345.320</ele><time>2026-09-27T09:06:06Z</time><speed>13.460</speed><sat>29</sat></trkpt>
  <trkpt lat="50.75917449" lon="14.07436338"><ele>345.583</ele><time>2026-09-27T09:06:07Z</time><speed>14.150</speed><sat>29</sat></trkpt>
  <trkpt lat="50.75923406" lon="14.07454562"><ele>345.184</ele><time>2026-09-27T09:06:08Z</time><speed>14.330</speed><sat>28</sat></trkpt>
  <trkpt lat="50.75929265" lon="14.07472880"><ele>345.057</ele><time>2026-09-27T09:06:09Z</time><speed>14.580</speed><sat>27</sat></trkpt>
  <trkpt lat="50.75935571" lon="14.07491469"><ele>344.587</ele><time>2026-09-27T09:06:10Z</time><speed>14.530</speed><sat>28</sat></trkpt>
  <trkpt lat="50.75941517" lon="14.07509904"><ele>344.410</ele><time>2026-09-27T09:06:11Z</time><speed>14.410</speed><sat>28</sat></trkpt>
  <trkpt lat="50.75946092" lon="14.07528273"><ele>343.808</ele><time>2026-09-27T09:06:12Z</time><speed>14.280</speed><sat>26</sat></trkpt>
  <trkpt lat="50.75950256" lon="14.07547075"><ele>343.658</ele><time>2026-09-27T09:06:13Z</time><speed>14.140</speed><sat>26</sat></trkpt>
  <trkpt lat="50.75954132" lon="14.07565628"><ele>343.639</ele><time>2026-09-27T09:06:14Z</time><speed>14.050</speed><sat>27</sat></trkpt>
  <trkpt lat="50.75957548" lon="14.07584916"><ele>343.453</ele><time>2026-09-27T09:06:15Z</time><speed>14.090</speed><sat>29</sat></trkpt>
  <trkpt lat="50.75960637" lon="14.07604379"><ele>343.299</ele><time>2026-09-27T09:06:16Z</time><speed>14.090</speed><sat>29</sat></trkpt>
  <trkpt lat="50.75963257" lon="14.07624120"><ele>343.234</ele><time>2026-09-27T09:06:17Z</time><speed>14.090</speed><sat>30</sat></trkpt>
  <trkpt lat="50.75965741" lon="14.07644077"><ele>343.357</ele><time>2026-09-27T09:06:18Z</time><speed>14.180</speed><sat>29</sat></trkpt>
  <trkpt lat="50.75968304" lon="14.07664292"><ele>343.429</ele><time>2026-09-27T09:06:19Z</time><speed>14.280</speed><sat>29</sat></trkpt>
  <trkpt lat="50.75970848" lon="14.07684297"><ele>343.413</ele><time>2026-09-27T09:06:20Z</time><speed>14.420</speed><sat>30</sat></trkpt>
  <trkpt lat="50.75973001" lon="14.07704471"><ele>343.290</ele><time>2026-09-27T09:06:21Z</time><speed>14.550</speed><sat>30</sat></trkpt>
  <trkpt lat="50.75975397" lon="14.07724662"><ele>343.567</ele><time>2026-09-27T09:06:22Z</time><speed>14.630</speed><sat>30</sat></trkpt>
  <trkpt lat="50.75977839" lon="14.07745346"><ele>343.453</ele><time>2026-09-27T09:06:23Z</time><speed>14.670</speed><sat>29</sat></trkpt>
  <trkpt lat="50.75980243" lon="14.07765832"><ele>343.462</ele><time>2026-09-27T09:06:24Z</time><speed>14.740</speed><sat>27</sat></trkpt>
  <trkpt lat="50.75983074" lon="14.07787006"><ele>344.550</ele><time>2026-09-27T09:06:25Z</time><speed>14.750</speed><sat>27</sat></trkpt>
  <trkpt lat="50.75985980" lon="14.07807822"><ele>344.107</ele><time>2026-09-27T09:06:26Z</time><speed>14.750</speed><sat>29</sat></trkpt>
  <trkpt lat="50.75988678" lon="14.07828752"><ele>344.126</ele><time>2026-09-27T09:06:27Z</time><speed>14.770</speed><sat>30</sat></trkpt>
  <trkpt lat="50.75991334" lon="14.07849250"><ele>343.864</ele><time>2026-09-27T09:06:28Z</time><speed>14.610</speed><sat>30</sat></trkpt>
  <trkpt lat="50.75993825" lon="14.07868483"><ele>343.857</ele><time>2026-09-27T09:06:29Z</time><speed>13.990</speed><sat>30</sat></trkpt>
  <trkpt lat="50.75995769" lon="14.07888419"><ele>343.941</ele><time>2026-09-27T09:06:30Z</time><speed>14.090</speed><sat>30</sat></trkpt>
  <trkpt lat="50.75998230" lon="14.07908205"><ele>343.910</ele><time>2026-09-27T09:06:31Z</time><speed>14.160</speed><sat>30</sat></trkpt>
  <trkpt lat="50.76000682" lon="14.07928059"><ele>343.865</ele><time>2026-09-27T09:06:32Z</time><speed>14.260</speed><sat>30</sat></trkpt>
  <trkpt lat="50.76003015" lon="14.07947856"><ele>343.667</ele><time>2026-09-27T09:06:33Z</time><speed>14.260</speed><sat>30</sat></trkpt>
  <trkpt lat="50.76005606" lon="14.07967825"><ele>343.167</ele><time>2026-09-27T09:06:34Z</time><speed>14.240</speed><sat>30</sat></trkpt>
  <trkpt lat="50.76008088" lon="14.07986859"><ele>343.100</ele><time>2026-09-27T09:06:35Z</time><speed>13.770</speed><sat>28</sat></trkpt>
  <trkpt lat="50.76010690" lon="14.08005549"><ele>342.902</ele><time>2026-09-27T09:06:36Z</time><speed>13.410</speed><sat>29</sat></trkpt>
  <trkpt lat="50.76013922" lon="14.08024032"><ele>342.465</ele><time>2026-09-27T09:06:37Z</time><speed>13.230</speed><sat>27</sat></trkpt>
  <trkpt lat="50.76016050" lon="14.08041098"><ele>341.523</ele><time>2026-09-27T09:06:38Z</time><speed>12.890</speed><sat>26</sat></trkpt>
  <trkpt lat="50.76019316" lon="14.08057114"><ele>341.430</ele><time>2026-09-27T09:06:39Z</time><speed>12.750</speed><sat>28</sat></trkpt>
  <trkpt lat="50.76023046" lon="14.08074371"><ele>341.385</ele><time>2026-09-27T09:06:40Z</time><speed>12.810</speed><sat>27</sat></trkpt>
  <trkpt lat="50.76026677" lon="14.08091677"><ele>341.238</ele><time>2026-09-27T09:06:41Z</time><speed>12.920</speed><sat>27</sat></trkpt>
  <trkpt lat="50.76030216" lon="14.08109495"><ele>341.178</ele><time>2026-09-27T09:06:42Z</time><speed>12.950</speed><sat>27</sat></trkpt>
  <trkpt lat="50.76033064" lon="14.08127055"><ele>340.726</ele><time>2026-09-27T09:06:43Z</time><speed>12.760</speed><sat>27</sat></trkpt>
  <trkpt lat="50.76035806" lon="14.08145047"><ele>340.079</ele><time>2026-09-27T09:06:44Z</time><speed>12.780</speed><sat>27</sat></trkpt>
  <trkpt lat="50.76038571" lon="14.08162812"><ele>339.942</ele><time>2026-09-27T09:06:45Z</time><speed>12.960</speed><sat>28</sat></trkpt>
  <trkpt lat="50.76041642" lon="14.08181337"><ele>339.255</ele><time>2026-09-27T09:06:46Z</time><speed>13.260</speed><sat>28</sat></trkpt>
  <trkpt lat="50.76043858" lon="14.08200176"><ele>339.296</ele><time>2026-09-27T09:06:47Z</time><speed>13.500</speed><sat>27</sat></trkpt>
  <trkpt lat="50.76046647" lon="14.08219149"><ele>338.959</ele><time>2026-09-27T09:06:48Z</time><speed>13.700</speed><sat>27</sat></trkpt>
  <trkpt lat="50.76049605" lon="14.08238848"><ele>338.169</ele><time>2026-09-27T09:06:49Z</time><speed>13.870</speed><sat>26</sat></trkpt>
  <trkpt lat="50.76052471" lon="14.08258304"><ele>337.386</ele><time>2026-09-27T09:06:50Z</time><speed>13.930</speed><sat>27</sat></trkpt>
  <trkpt lat="50.76055173" lon="14.08277752"><ele>336.751</ele><time>2026-09-27T09:06:51Z</time><speed>13.960</speed><sat>28</sat></trkpt>
  <trkpt lat="50.76057881" lon="14.08296609"><ele>336.240</ele><time>2026-09-27T09:06:52Z</time><speed>14.030</speed><sat>28</sat></trkpt>
  <trkpt lat="50.76060520" lon="14.08316142"><ele>335.526</ele><time>2026-09-27T09:06:53Z</time><speed>14.070</speed><sat>26</sat></trkpt>
  <trkpt lat="50.76064272" lon="14.08335346"><ele>334.703</ele><time>2026-09-27T09:06:54Z</time><speed>14.070</speed><sat>25</sat></trkpt>
  <trkpt lat="50.76066640" lon="14.08354894"><ele>333.796</ele><time>2026-09-27T09:06:55Z</time><speed>14.100</speed><sat>28</sat></trkpt>
  <trkpt lat="50.76069791" lon="14.08374910"><ele>333.576</ele><time>2026-09-27T09:06:56Z</time><speed>14.120</speed><sat>28</sat></trkpt>
  <trkpt lat="50.76072395" lon="14.08394504"><ele>332.820</ele><time>2026-09-27T09:06:57Z</time><speed>14.200</speed><sat>29</sat></trkpt>
  <trkpt lat="50.76074675" lon="14.08413749"><ele>331.906</ele><time>2026-09-27T09:06:58Z</time><speed>14.260</speed><sat>29</sat></trkpt>
  <trkpt lat="50.76077650" lon="14.08434071"><ele>331.247</ele><time>2026-09-27T09:06:59Z</time><speed>14.330</speed><sat>30</sat></trkpt>
  <trkpt lat="50.76080696" lon="14.08453787"><ele>330.667</ele><time>2026-09-27T09:07:00Z</time><speed>14.290</speed><sat>30</sat></trkpt>
  <trkpt lat="50.76083474" lon="14.08473842"><ele>329.483</ele><time>2026-09-27T09:07:01Z</time><speed>14.270</speed><sat>31</sat></trkpt>
  <trkpt lat="50.76087047" lon="14.08493986"><ele>327.997</ele><time>2026-09-27T09:07:02Z</time><speed>14.320</speed><sat>32</sat></trkpt>
  <trkpt lat="50.76089741" lon="14.08513520"><ele>327.326</ele><time>2026-09-27T09:07:03Z</time><speed>14.160</speed><sat>32</sat></trkpt>
  <trkpt lat="50.76092154" lon="14.08532965"><ele>326.403</ele><time>2026-09-27T09:07:04Z</time><speed>14.000</speed><sat>32</sat></trkpt>
  <trkpt lat="50.76094617" lon="14.08551897"><ele>325.565</ele><time>2026-09-27T09:07:05Z</time><speed>13.810</speed><sat>31</sat></trkpt>
  <trkpt lat="50.76097757" lon="14.08571092"><ele>324.241</ele><time>2026-09-27T09:07:06Z</time><speed>13.980</speed><sat>30</sat></trkpt>
  <trkpt lat="50.76100301" lon="14.08590459"><ele>323.131</ele><time>2026-09-27T09:07:07Z</time><speed>14.210</speed><sat>29</sat></trkpt>
  <trkpt lat="50.76102190" lon="14.08610757"><ele>322.096</ele><time>2026-09-27T09:07:08Z</time><speed>14.310</speed><sat>28</sat></trkpt>
  <trkpt lat="50.76102584" lon="14.08629698"><ele>321.183</ele><time>2026-09-27T09:07:09Z</time><speed>14.200</speed><sat>27</sat></trkpt>
  <trkpt lat="50.76101480" lon="14.08648413"><ele>320.860</ele><time>2026-09-27T09:07:10Z</time><speed>13.780</speed><sat>26</sat></trkpt>
  <trkpt lat="50.76095518" lon="14.08666628"><ele>320.424</ele><time>2026-09-27T09:07:11Z</time><speed>14.010</speed><sat>28</sat></trkpt>
  <trkpt lat="50.76090758" lon="14.08685431"><ele>319.990</ele><time>2026-09-27T09:07:12Z</time><speed>14.260</speed><sat>28</sat></trkpt>
  <trkpt lat="50.76085828" lon="14.08703683"><ele>319.719</ele><time>2026-09-27T09:07:13Z</time><speed>14.170</speed><sat>30</sat></trkpt>
  <trkpt lat="50.76081100" lon="14.08722368"><ele>319.529</ele><time>2026-09-27T09:07:14Z</time><speed>13.980</speed><sat>28</sat></trkpt>
  <trkpt lat="50.76076332" lon="14.08741609"><ele>319.543</ele><time>2026-09-27T09:07:15Z</time><speed>13.820</speed><sat>28</sat></trkpt>
  <trkpt lat="50.76071939" lon="14.08760157"><ele>319.244</ele><time>2026-09-27T09:07:16Z</time><speed>13.920</speed><sat>29</sat></trkpt>
  <trkpt lat="50.76067497" lon="14.08778786"><ele>319.029</ele><time>2026-09-27T09:07:17Z</time><speed>14.090</speed><sat>26</sat></trkpt>
  <trkpt lat="50.76063900" lon="14.08797670"><ele>319.042</ele><time>2026-09-27T09:07:18Z</time><speed>14.010</speed><sat>27</sat></trkpt>
  <trkpt lat="50.76061046" lon="14.08816739"><ele>319.036</ele><time>2026-09-27T09:07:19Z</time><speed>13.700</speed><sat>27</sat></trkpt>
  <trkpt lat="50.76058964" lon="14.08835486"><ele>318.976</ele><time>2026-09-27T09:07:20Z</time><speed>13.390</speed><sat>27</sat></trkpt>
  <trkpt lat="50.76057920" lon="14.08854254"><ele>319.057</ele><time>2026-09-27T09:07:21Z</time><speed>13.180</speed><sat>28</sat></trkpt>
  <trkpt lat="50.76057176" lon="14.08873436"><ele>318.983</ele><time>2026-09-27T09:07:22Z</time><speed>13.070</speed><sat>29</sat></trkpt>
  <trkpt lat="50.76055920" lon="14.08891742"><ele>318.922</ele><time>2026-09-27T09:07:23Z</time><speed>13.030</speed><sat>29</sat></trkpt>
  <trkpt lat="50.76054616" lon="14.08910001"><ele>318.773</ele><time>2026-09-27T09:07:24Z</time><speed>12.950</speed><sat>29</sat></trkpt>
  <trkpt lat="50.76053627" lon="14.08927989"><ele>318.882</ele><time>2026-09-27T09:07:25Z</time><speed>12.850</speed><sat>29</sat></trkpt>
  <trkpt lat="50.76053617" lon="14.08946742"><ele>319.035</ele><time>2026-09-27T09:07:26Z</time><speed>12.810</speed><sat>30</sat></trkpt>
  <trkpt lat="50.76055957" lon="14.08964681"><ele>319.106</ele><time>2026-09-27T09:07:27Z</time><speed>12.960</speed><sat>29</sat></trkpt>
  <trkpt lat="50.76059205" lon="14.08982682"><ele>318.959</ele><time>2026-09-27T09:07:28Z</time><speed>13.170</speed><sat>30</sat></trkpt>
  <trkpt lat="50.76062698" lon="14.09000134"><ele>318.285</ele><time>2026-09-27T09:07:29Z</time><speed>13.400</speed><sat>30</sat></trkpt>
  <trkpt lat="50.76067292" lon="14.09018206"><ele>318.261</ele><time>2026-09-27T09:07:30Z</time><speed>13.600</speed><sat>30</sat></trkpt>
  <trkpt lat="50.76071992" lon="14.09035773"><ele>318.359</ele><time>2026-09-27T09:07:31Z</time><speed>13.710</speed><sat>30</sat></trkpt>
  <trkpt lat="50.76076524" lon="14.09054126"><ele>318.350</ele><time>2026-09-27T09:07:32Z</time><speed>13.660</speed><sat>30</sat></trkpt>
  <trkpt lat="50.76081060" lon="14.09071796"><ele>318.235</ele><time>2026-09-27T09:07:33Z</time><speed>13.640</speed><sat>30</sat></trkpt>
  <trkpt lat="50.76085873" lon="14.09089922"><ele>318.059</ele><time>2026-09-27T09:07:34Z</time><speed>13.660</speed><sat>30</sat></trkpt>
  <trkpt lat="50.76090618" lon="14.09107855"><ele>317.940</ele><time>2026-09-27T09:07:35Z</time><speed>13.510</speed><sat>30</sat></trkpt>
  <trkpt lat="50.76095305" lon="14.09125489"><ele>317.766</ele><time>2026-09-27T09:07:36Z</time><speed>13.340</speed><sat>30</sat></trkpt>
  <trkpt lat="50.76099941" lon="14.09143223"><ele>317.227</ele><time>2026-09-27T09:07:37Z</time><speed>13.190</speed><sat>29</sat></trkpt>
  <trkpt lat="50.76104415" lon="14.09160980"><ele>316.613</ele><time>2026-09-27T09:07:38Z</time><speed>13.140</speed><sat>28</sat></trkpt>
  <trkpt lat="50.76108956" lon="14.09178079"><ele>316.360</ele><time>2026-09-27T09:07:39Z</time><speed>13.180</speed><sat>28</sat></trkpt>
  <trkpt lat="50.76113554" lon="14.09195574"><ele>315.942</ele><time>2026-09-27T09:07:40Z</time><speed>13.240</speed><sat>28</sat></trkpt>
  <trkpt lat="50.76118268" lon="14.09212329"><ele>315.425</ele><time>2026-09-27T09:07:41Z</time><speed>13.150</speed><sat>27</sat></trkpt>
  <trkpt lat="50.76122774" lon="14.09230013"><ele>314.951</ele><time>2026-09-27T09:07:42Z</time><speed>13.320</speed><sat>28</sat></trkpt>
  <trkpt lat="50.76127111" lon="14.09247852"><ele>314.578</ele><time>2026-09-27T09:07:43Z</time><speed>13.410</speed><sat>28</sat></trkpt>
  <trkpt lat="50.76131422" lon="14.09265763"><ele>314.162</ele><time>2026-09-27T09:07:44Z</time><speed>13.510</speed><sat>27</sat></trkpt>
  <trkpt lat="50.76136067" lon="14.09283328"><ele>313.707</ele><time>2026-09-27T09:07:45Z</time><speed>13.530</speed><sat>26</sat></trkpt>
  <trkpt lat="50.76140847" lon="14.09300735"><ele>313.072</ele><time>2026-09-27T09:07:46Z</time><speed>13.570</speed><sat>26</sat></trkpt>
  <trkpt lat="50.76145354" lon="14.09318697"><ele>312.529</ele><time>2026-09-27T09:07:47Z</time><speed>13.640</speed><sat>26</sat></trkpt>
  <trkpt lat="50.76149946" lon="14.09336728"><ele>312.180</ele><time>2026-09-27T09:07:48Z</time><speed>13.790</speed><sat>25</sat></trkpt>
  <trkpt lat="50.76154741" lon="14.09354982"><ele>311.490</ele><time>2026-09-27T09:07:49Z</time><speed>13.870</speed><sat>26</sat></trkpt>
  <trkpt lat="50.76159432" lon="14.09373127"><ele>311.052</ele><time>2026-09-27T09:07:50Z</time><speed>13.930</speed><sat>28</sat></trkpt>
  <trkpt lat="50.76163918" lon="14.09391424"><ele>310.688</ele><time>2026-09-27T09:07:51Z</time><speed>13.890</speed><sat>27</sat></trkpt>
  <trkpt lat="50.76167533" lon="14.09409849"><ele>310.214</ele><time>2026-09-27T09:07:52Z</time><speed>13.730</speed><sat>27</sat></trkpt>
  <trkpt lat="50.76170606" lon="14.09428124"><ele>310.250</ele><time>2026-09-27T09:07:53Z</time><speed>13.550</speed><sat>27</sat></trkpt>
  <trkpt lat="50.76173243" lon="14.09446850"><ele>310.174</ele><time>2026-09-27T09:07:54Z</time><speed>13.360</speed><sat>27</sat></trkpt>
  <trkpt lat="50.76175164" lon="14.09465425"><ele>310.261</ele><time>2026-09-27T09:07:55Z</time><speed>13.260</speed><sat>27</sat></trkpt>
  <trkpt lat="50.76176421" lon="14.09483916"><ele>310.462</ele><time>2026-09-27T09:07:56Z</time><speed>13.220</speed><sat>29</sat></trkpt>
  <trkpt lat="50.76176653" lon="14.09502169"><ele>310.371</ele><time>2026-09-27T09:07:57Z</time><speed>13.130</speed><sat>29</sat></trkpt>
  <trkpt lat="50.76175770" lon="14.09520384"><ele>310.555</ele><time>2026-09-27T09:07:58Z</time><speed>13.010</speed><sat>29</sat></trkpt>
  <trkpt lat="50.76173513" lon="14.09537888"><ele>310.300</ele><time>2026-09-27T09:07:59Z</time><speed>12.850</speed><sat>30</sat></trkpt>
  <trkpt lat="50.76170497" lon="14.09555299"><ele>310.351</ele><time>2026-09-27T09:08:00Z</time><speed>12.690</speed><sat>31</sat></trkpt>
  <trkpt lat="50.76167329" lon="14.09572245"><ele>310.181</ele><time>2026-09-27T09:08:01Z</time><speed>12.730</speed><sat>31</sat></trkpt>
  <trkpt lat="50.76163815" lon="14.09589537"><ele>309.926</ele><time>2026-09-27T09:08:02Z</time><speed>12.860</speed><sat>31</sat></trkpt>
  <trkpt lat="50.76160184" lon="14.09606875"><ele>309.995</ele><time>2026-09-27T09:08:03Z</time><speed>12.970</speed><sat>31</sat></trkpt>
  <trkpt lat="50.76156652" lon="14.09624959"><ele>309.827</ele><time>2026-09-27T09:08:04Z</time><speed>13.240</speed><sat>31</sat></trkpt>
  <trkpt lat="50.76152935" lon="14.09643554"><ele>309.444</ele><time>2026-09-27T09:08:05Z</time><speed>13.460</speed><sat>31</sat></trkpt>
  <trkpt lat="50.76149380" lon="14.09661712"><ele>309.393</ele><time>2026-09-27T09:08:06Z</time><speed>13.570</speed><sat>30</sat></trkpt>
  <trkpt lat="50.76145705" lon="14.09680178"><ele>309.324</ele><time>2026-09-27T09:08:07Z</time><speed>13.720</speed><sat>28</sat></trkpt>
  <trkpt lat="50.76141796" lon="14.09698819"><ele>309.265</ele><time>2026-09-27T09:08:08Z</time><speed>13.820</speed><sat>29</sat></trkpt>
  <trkpt lat="50.76137995" lon="14.09717757"><ele>309.121</ele><time>2026-09-27T09:08:09Z</time><speed>13.910</speed><sat>30</sat></trkpt>
  <trkpt lat="50.76134327" lon="14.09737085"><ele>308.869</ele><time>2026-09-27T09:08:10Z</time><speed>13.960</speed><sat>30</sat></trkpt>
  <trkpt lat="50.76130898" lon="14.09756748"><ele>308.519</ele><time>2026-09-27T09:08:11Z</time><speed>14.380</speed><sat>30</sat></trkpt>
  <trkpt lat="50.76127081" lon="14.09776591"><ele>308.469</ele><time>2026-09-27T09:08:12Z</time><speed>14.540</speed><sat>28</sat></trkpt>
  <trkpt lat="50.76124949" lon="14.09797058"><ele>308.217</ele><time>2026-09-27T09:08:13Z</time><speed>14.520</speed><sat>29</sat></trkpt>
  <trkpt lat="50.76125382" lon="14.09817447"><ele>308.167</ele><time>2026-09-27T09:08:14Z</time><speed>14.360</speed><sat>30</sat></trkpt>
  <trkpt lat="50.76126800" lon="14.09837582"><ele>307.689</ele><time>2026-09-27T09:08:15Z</time><speed>14.250</speed><sat>30</sat></trkpt>
  <trkpt lat="50.76129158" lon="14.09857982"><ele>307.732</ele><time>2026-09-27T09:08:16Z</time><speed>14.260</speed><sat>30</sat></trkpt>
  <trkpt lat="50.76131782" lon="14.09877984"><ele>307.609</ele><time>2026-09-27T09:08:17Z</time><speed>14.310</speed><sat>30</sat></trkpt>
  <trkpt lat="50.76134519" lon="14.09897616"><ele>307.558</ele><time>2026-09-27T09:08:18Z</time><speed>14.320</speed><sat>30</sat></trkpt>
  <trkpt lat="50.76137220" lon="14.09917627"><ele>307.436</ele><time>2026-09-27T09:08:19Z</time><speed>14.230</speed><sat>30</sat></trkpt>
  <trkpt lat="50.76140000" lon="14.09937359"><ele>307.061</ele><time>2026-09-27T09:08:20Z</time><speed>14.250</speed><sat>30</sat></trkpt>
  <trkpt lat="50.76141829" lon="14.09957337"><ele>306.825</ele><time>2026-09-27T09:08:21Z</time><speed>14.140</speed><sat>28</sat></trkpt>
  <trkpt lat="50.76142226" lon="14.09976788"><ele>306.475</ele><time>2026-09-27T09:08:22Z</time><speed>13.920</speed><sat>28</sat></trkpt>
  <trkpt lat="50.76140455" lon="14.09995042"><ele>306.119</ele><time>2026-09-27T09:08:23Z</time><speed>13.190</speed><sat>29</sat></trkpt>
  <trkpt lat="50.76135811" lon="14.10010742"><ele>306.076</ele><time>2026-09-27T09:08:24Z</time><speed>12.290</speed><sat>29</sat></trkpt>
  <trkpt lat="50.76128286" lon="14.10022754"><ele>306.400</ele><time>2026-09-27T09:08:25Z</time><speed>11.770</speed><sat>29</sat></trkpt>
  <trkpt lat="50.76119254" lon="14.10030421"><ele>306.907</ele><time>2026-09-27T09:08:26Z</time><speed>11.490</speed><sat>29</sat></trkpt>
  <trkpt lat="50.76109593" lon="14.10037027"><ele>306.947</ele><time>2026-09-27T09:08:27Z</time><speed>11.720</speed><sat>28</sat></trkpt>
  <trkpt lat="50.76099345" lon="14.10043175"><ele>306.993</ele><time>2026-09-27T09:08:28Z</time><speed>12.050</speed><sat>28</sat></trkpt>
  <trkpt lat="50.76089145" lon="14.10050751"><ele>306.934</ele><time>2026-09-27T09:08:29Z</time><speed>12.370</speed><sat>28</sat></trkpt>
  <trkpt lat="50.76078863" lon="14.10060494"><ele>306.680</ele><time>2026-09-27T09:08:30Z</time><speed>12.900</speed><sat>29</sat></trkpt>
  <trkpt lat="50.76069026" lon="14.10071370"><ele>306.830</ele><time>2026-09-27T09:08:31Z</time><speed>13.030</speed><sat>29</sat></trkpt>
  <trkpt lat="50.76059842" lon="14.10083582"><ele>307.717</ele><time>2026-09-27T09:08:32Z</time><speed>12.860</speed><sat>29</sat></trkpt>
  <trkpt lat="50.76052239" lon="14.10098940"><ele>307.302</ele><time>2026-09-27T09:08:33Z</time><speed>12.910</speed><sat>30</sat></trkpt>
  <trkpt lat="50.76046041" lon="14.10113033"><ele>307.479</ele><time>2026-09-27T09:08:34Z</time><speed>12.640</speed><sat>30</sat></trkpt>
  <trkpt lat="50.76040569" lon="14.10127982"><ele>308.114</ele><time>2026-09-27T09:08:35Z</time><speed>12.430</speed><sat>29</sat></trkpt>
  <trkpt lat="50.76035981" lon="14.10143812"><ele>308.474</ele><time>2026-09-27T09:08:36Z</time><speed>12.320</speed><sat>32</sat></trkpt>
  <trkpt lat="50.76032943" lon="14.10160259"><ele>308.946</ele><time>2026-09-27T09:08:37Z</time><speed>12.310</speed><sat>32</sat></trkpt>
  <trkpt lat="50.76030685" lon="14.10177560"><ele>309.091</ele><time>2026-09-27T09:08:38Z</time><speed>12.450</speed><sat>32</sat></trkpt>
  <trkpt lat="50.76029113" lon="14.10195314"><ele>309.266</ele><time>2026-09-27T09:08:39Z</time><speed>12.650</speed><sat>33</sat></trkpt>
  <trkpt lat="50.76028270" lon="14.10213415"><ele>309.574</ele><time>2026-09-27T09:08:40Z</time><speed>12.850</speed><sat>32</sat></trkpt>
  <trkpt lat="50.76026877" lon="14.10231558"><ele>309.589</ele><time>2026-09-27T09:08:41Z</time><speed>13.060</speed><sat>31</sat></trkpt>
  <trkpt lat="50.76026227" lon="14.10250265"><ele>310.071</ele><time>2026-09-27T09:08:42Z</time><speed>13.240</speed><sat>29</sat></trkpt>
  <trkpt lat="50.76025182" lon="14.10269043"><ele>310.196</ele><time>2026-09-27T09:08:43Z</time><speed>13.240</speed><sat>29</sat></trkpt>
  <trkpt lat="50.76024152" lon="14.10287506"><ele>310.292</ele><time>2026-09-27T09:08:44Z</time><speed>13.240</speed><sat>29</sat></trkpt>
  <trkpt lat="50.76023429" lon="14.10305196"><ele>310.467</ele><time>2026-09-27T09:08:45Z</time><speed>12.900</speed><sat>28</sat></trkpt>
  <trkpt lat="50.76023913" lon="14.10323102"><ele>310.626</ele><time>2026-09-27T09:08:46Z</time><speed>12.510</speed><sat>27</sat></trkpt>
  <trkpt lat="50.76025631" lon="14.10340443"><ele>310.354</ele><time>2026-09-27T09:08:47Z</time><speed>12.150</speed><sat>27</sat></trkpt>
  <trkpt lat="50.76027939" lon="14.10356976"><ele>310.174</ele><time>2026-09-27T09:08:48Z</time><speed>12.040</speed><sat>28</sat></trkpt>
  <trkpt lat="50.76031217" lon="14.10373558"><ele>310.080</ele><time>2026-09-27T09:08:49Z</time><speed>12.100</speed><sat>29</sat></trkpt>
  <trkpt lat="50.76035392" lon="14.10389435"><ele>309.579</ele><time>2026-09-27T09:08:50Z</time><speed>12.150</speed><sat>31</sat></trkpt>
  <trkpt lat="50.76040390" lon="14.10404733"><ele>308.947</ele><time>2026-09-27T09:08:51Z</time><speed>12.220</speed><sat>31</sat></trkpt>
  <trkpt lat="50.76046237" lon="14.10419483"><ele>308.306</ele><time>2026-09-27T09:08:52Z</time><speed>12.350</speed><sat>31</sat></trkpt>
  <trkpt lat="50.76052480" lon="14.10434470"><ele>307.658</ele><time>2026-09-27T09:08:53Z</time><speed>12.580</speed><sat>31</sat></trkpt>
  <trkpt lat="50.76059167" lon="14.10449725"><ele>306.666</ele><time>2026-09-27T09:08:54Z</time><speed>12.900</speed><sat>31</sat></trkpt>
  <trkpt lat="50.76066068" lon="14.10465289"><ele>305.893</ele><time>2026-09-27T09:08:55Z</time><speed>13.120</speed><sat>31</sat></trkpt>
  <trkpt lat="50.76073169" lon="14.10480606"><ele>305.068</ele><time>2026-09-27T09:08:56Z</time><speed>13.010</speed><sat>31</sat></trkpt>
  <trkpt lat="50.76079343" lon="14.10495360"><ele>304.629</ele><time>2026-09-27T09:08:57Z</time><speed>12.500</speed><sat>31</sat></trkpt>
  <trkpt lat="50.76085676" lon="14.10509254"><ele>304.384</ele><time>2026-09-27T09:08:58Z</time><speed>11.990</speed><sat>31</sat></trkpt>
  <trkpt lat="50.76091659" lon="14.10522800"><ele>304.104</ele><time>2026-09-27T09:08:59Z</time><speed>11.630</speed><sat>31</sat></trkpt>
  <trkpt lat="50.76097622" lon="14.10536430"><ele>304.025</ele><time>2026-09-27T09:09:00Z</time><speed>11.630</speed><sat>31</sat></trkpt>
  <trkpt lat="50.76103860" lon="14.10550011"><ele>303.583</ele><time>2026-09-27T09:09:01Z</time><speed>11.860</speed><sat>31</sat></trkpt>
  <trkpt lat="50.76109943" lon="14.10563892"><ele>303.478</ele><time>2026-09-27T09:09:02Z</time><speed>12.070</speed><sat>31</sat></trkpt>
  <trkpt lat="50.76116270" lon="14.10578325"><ele>303.524</ele><time>2026-09-27T09:09:03Z</time><speed>12.250</speed><sat>30</sat></trkpt>
  <trkpt lat="50.76122855" lon="14.10592768"><ele>303.370</ele><time>2026-09-27T09:09:04Z</time><speed>12.410</speed><sat>30</sat></trkpt>
  <trkpt lat="50.76129262" lon="14.10607049"><ele>303.250</ele><time>2026-09-27T09:09:05Z</time><speed>12.400</speed><sat>30</sat></trkpt>
  <trkpt lat="50.76135024" lon="14.10621713"><ele>303.252</ele><time>2026-09-27T09:09:06Z</time><speed>12.140</speed><sat>30</sat></trkpt>
  <trkpt lat="50.76140706" lon="14.10635720"><ele>303.281</ele><time>2026-09-27T09:09:07Z</time><speed>11.840</speed><sat>30</sat></trkpt>
  <trkpt lat="50.76146904" lon="14.10648425"><ele>303.430</ele><time>2026-09-27T09:09:08Z</time><speed>11.410</speed><sat>31</sat></trkpt>
  <trkpt lat="50.76153725" lon="14.10660160"><ele>303.835</ele><time>2026-09-27T09:09:09Z</time><speed>10.920</speed><sat>32</sat></trkpt>
  <trkpt lat="50.76160308" lon="14.10671214"><ele>304.270</ele><time>2026-09-27T09:09:10Z</time><speed>10.420</speed><sat>33</sat></trkpt>
  <trkpt lat="50.76167032" lon="14.10680921"><ele>304.145</ele><time>2026-09-27T09:09:11Z</time><speed>10.150</speed><sat>33</sat></trkpt>
  <trkpt lat="50.76174950" lon="14.10689706"><ele>303.859</ele><time>2026-09-27T09:09:12Z</time><speed>10.520</speed><sat>33</sat></trkpt>
  <trkpt lat="50.76184106" lon="14.10696166"><ele>303.188</ele><time>2026-09-27T09:09:13Z</time><speed>10.890</speed><sat>33</sat></trkpt>
  <trkpt lat="50.76194466" lon="14.10699744"><ele>303.571</ele><time>2026-09-27T09:09:14Z</time><speed>11.290</speed><sat>32</sat></trkpt>
  <trkpt lat="50.76204656" lon="14.10702045"><ele>302.837</ele><time>2026-09-27T09:09:15Z</time><speed>11.540</speed><sat>32</sat></trkpt>
  <trkpt lat="50.76215264" lon="14.10704648"><ele>302.259</ele><time>2026-09-27T09:09:16Z</time><speed>11.900</speed><sat>32</sat></trkpt>
  <trkpt lat="50.76225934" lon="14.10707128"><ele>301.114</ele><time>2026-09-27T09:09:17Z</time><speed>12.050</speed><sat>32</sat></trkpt>
  <trkpt lat="50.76236791" lon="14.10709699"><ele>300.394</ele><time>2026-09-27T09:09:18Z</time><speed>12.170</speed><sat>32</sat></trkpt>
  <trkpt lat="50.76247083" lon="14.10712036"><ele>299.844</ele><time>2026-09-27T09:09:19Z</time><speed>11.720</speed><sat>32</sat></trkpt>
  <trkpt lat="50.76257451" lon="14.10716549"><ele>299.376</ele><time>2026-09-27T09:09:20Z</time><speed>11.760</speed><sat>32</sat></trkpt>
  <trkpt lat="50.76267086" lon="14.10722811"><ele>298.669</ele><time>2026-09-27T09:09:21Z</time><speed>11.840</speed><sat>31</sat></trkpt>
  <trkpt lat="50.76275164" lon="14.10733150"><ele>298.376</ele><time>2026-09-27T09:09:22Z</time><speed>11.710</speed><sat>31</sat></trkpt>
  <trkpt lat="50.76281033" lon="14.10746223"><ele>298.111</ele><time>2026-09-27T09:09:23Z</time><speed>11.450</speed><sat>30</sat></trkpt>
  <trkpt lat="50.76285965" lon="14.10760484"><ele>298.067</ele><time>2026-09-27T09:09:24Z</time><speed>11.300</speed><sat>30</sat></trkpt>
  <trkpt lat="50.76289860" lon="14.10774888"><ele>297.650</ele><time>2026-09-27T09:09:25Z</time><speed>11.140</speed><sat>30</sat></trkpt>
  <trkpt lat="50.76292573" lon="14.10790298"><ele>297.814</ele><time>2026-09-27T09:09:26Z</time><speed>10.940</speed><sat>31</sat></trkpt>
  <trkpt lat="50.76294620" lon="14.10804359"><ele>297.497</ele><time>2026-09-27T09:09:27Z</time><speed>10.680</speed><sat>32</sat></trkpt>
  <trkpt lat="50.76296209" lon="14.10818660"><ele>297.636</ele><time>2026-09-27T09:09:28Z</time><speed>10.100</speed><sat>32</sat></trkpt>
  <trkpt lat="50.76296883" lon="14.10830062"><ele>297.271</ele><time>2026-09-27T09:09:29Z</time><speed>8.440</speed><sat>32</sat></trkpt>
  <trkpt lat="50.76298173" lon="14.10838331"><ele>296.992</ele><time>2026-09-27T09:09:30Z</time><speed>6.270</speed><sat>31</sat></trkpt>
  <trkpt lat="50.76299311" lon="14.10844504"><ele>296.914</ele><time>2026-09-27T09:09:31Z</time><speed>4.340</speed><sat>30</sat></trkpt>
  <trkpt lat="50.76300272" lon="14.10849040"><ele>296.901</ele><time>2026-09-27T09:09:32Z</time><speed>3.470</speed><sat>29</sat></trkpt>
  <trkpt lat="50.76301217" lon="14.10853992"><ele>296.789</ele><time>2026-09-27T09:09:33Z</time><speed>3.430</speed><sat>29</sat></trkpt>
  <trkpt lat="50.76302223" lon="14.10859084"><ele>296.557</ele><time>2026-09-27T09:09:34Z</time><speed>3.750</speed><sat>29</sat></trkpt>
  <trkpt lat="50.76303903" lon="14.10864065"><ele>296.846</ele><time>2026-09-27T09:09:35Z</time><speed>3.730</speed><sat>32</sat></trkpt>
  <trkpt lat="50.76305800" lon="14.10867838"><ele>297.042</ele><time>2026-09-27T09:09:36Z</time><speed>3.640</speed><sat>32</sat></trkpt>
  <trkpt lat="50.76308893" lon="14.10871014"><ele>297.283</ele><time>2026-09-27T09:09:37Z</time><speed>4.250</speed><sat>32</sat></trkpt>
  <trkpt lat="50.76312546" lon="14.10874545"><ele>297.309</ele><time>2026-09-27T09:09:38Z</time><speed>4.920</speed><sat>32</sat></trkpt>
  <trkpt lat="50.76316469" lon="14.10879263"><ele>297.312</ele><time>2026-09-27T09:09:39Z</time><speed>5.540</speed><sat>33</sat></trkpt>
  <trkpt lat="50.76321030" lon="14.10884314"><ele>297.404</ele><time>2026-09-27T09:09:40Z</time><speed>6.030</speed><sat>33</sat></trkpt>
  <trkpt lat="50.76325098" lon="14.10889711"><ele>297.606</ele><time>2026-09-27T09:09:41Z</time><speed>5.920</speed><sat>33</sat></trkpt>
  <trkpt lat="50.76328546" lon="14.10895610"><ele>297.418</ele><time>2026-09-27T09:09:42Z</time><speed>5.930</speed><sat>32</sat></trkpt>
  <trkpt lat="50.76331056" lon="14.10903869"><ele>297.026</ele><time>2026-09-27T09:09:43Z</time><speed>6.570</speed><sat>32</sat></trkpt>
  <trkpt lat="50.76332807" lon="14.10913892"><ele>296.710</ele><time>2026-09-27T09:09:44Z</time><speed>7.260</speed><sat>32</sat></trkpt>
  <trkpt lat="50.76334312" lon="14.10925475"><ele>296.473</ele><time>2026-09-27T09:09:45Z</time><speed>8.220</speed><sat>33</sat></trkpt>
  <trkpt lat="50.76335772" lon="14.10938502"><ele>296.302</ele><time>2026-09-27T09:09:46Z</time><speed>9.270</speed><sat>33</sat></trkpt>
  <trkpt lat="50.76337590" lon="14.10953366"><ele>295.920</ele><time>2026-09-27T09:09:47Z</time><speed>10.900</speed><sat>33</sat></trkpt>
  <trkpt lat="50.76339641" lon="14.10969273"><ele>295.770</ele><time>2026-09-27T09:09:48Z</time><speed>11.740</speed><sat>33</sat></trkpt>
  <trkpt lat="50.76341789" lon="14.10985749"><ele>295.711</ele><time>2026-09-27T09:09:49Z</time><speed>12.300</speed><sat>32</sat></trkpt>
  <trkpt lat="50.76343885" lon="14.11002791"><ele>295.385</ele><time>2026-09-27T09:09:50Z</time><speed>12.420</speed><sat>32</sat></trkpt>
  <trkpt lat="50.76345929" lon="14.11019879"><ele>295.027</ele><time>2026-09-27T09:09:51Z</time><speed>12.400</speed><sat>31</sat></trkpt>
  <trkpt lat="50.76348146" lon="14.11036655"><ele>294.881</ele><time>2026-09-27T09:09:52Z</time><speed>12.260</speed><sat>30</sat></trkpt>
  <trkpt lat="50.76350305" lon="14.11053894"><ele>294.549</ele><time>2026-09-27T09:09:53Z</time><speed>12.160</speed><sat>29</sat></trkpt>
  <trkpt lat="50.76352585" lon="14.11070282"><ele>294.431</ele><time>2026-09-27T09:09:54Z</time><speed>11.980</speed><sat>29</sat></trkpt>
  <trkpt lat="50.76354990" lon="14.11086706"><ele>294.131</ele><time>2026-09-27T09:09:55Z</time><speed>11.850</speed><sat>29</sat></trkpt>
  <trkpt lat="50.76357731" lon="14.11103000"><ele>293.908</ele><time>2026-09-27T09:09:56Z</time><speed>11.750</speed><sat>30</sat></trkpt>
  <trkpt lat="50.76360363" lon="14.11119242"><ele>293.722</ele><time>2026-09-27T09:09:57Z</time><speed>11.710</speed><sat>29</sat></trkpt>
  <trkpt lat="50.76363549" lon="14.11135331"><ele>293.800</ele><time>2026-09-27T09:09:58Z</time><speed>11.770</speed><sat>29</sat></trkpt>
  <trkpt lat="50.76366960" lon="14.11151516"><ele>293.818</ele><time>2026-09-27T09:09:59Z</time><speed>11.890</speed><sat>28</sat></trkpt>
  <trkpt lat="50.76370936" lon="14.11167018"><ele>293.516</ele><time>2026-09-27T09:10:00Z</time><speed>12.020</speed><sat>27</sat></trkpt>
  <trkpt lat="50.76375488" lon="14.11182855"><ele>293.629</ele><time>2026-09-27T09:10:01Z</time><speed>12.180</speed><sat>29</sat></trkpt>
  <trkpt lat="50.76380144" lon="14.11198470"><ele>293.352</ele><time>2026-09-27T09:10:02Z</time><speed>12.310</speed><sat>30</sat></trkpt>
  <trkpt lat="50.76385207" lon="14.11214420"><ele>293.386</ele><time>2026-09-27T09:10:03Z</time><speed>12.400</speed><sat>31</sat></trkpt>
  <trkpt lat="50.76390852" lon="14.11229999"><ele>293.476</ele><time>2026-09-27T09:10:04Z</time><speed>12.410</speed><sat>31</sat></trkpt>
  <trkpt lat="50.76396552" lon="14.11245020"><ele>293.287</ele><time>2026-09-27T09:10:05Z</time><speed>12.350</speed><sat>31</sat></trkpt>
  <trkpt lat="50.76402376" lon="14.11259837"><ele>293.110</ele><time>2026-09-27T09:10:06Z</time><speed>12.280</speed><sat>32</sat></trkpt>
  <trkpt lat="50.76408195" lon="14.11274904"><ele>293.039</ele><time>2026-09-27T09:10:07Z</time><speed>12.260</speed><sat>31</sat></trkpt>
  <trkpt lat="50.76413808" lon="14.11289948"><ele>292.977</ele><time>2026-09-27T09:10:08Z</time><speed>12.260</speed><sat>31</sat></trkpt>
  <trkpt lat="50.76419775" lon="14.11304868"><ele>292.914</ele><time>2026-09-27T09:10:09Z</time><speed>12.200</speed><sat>32</sat></trkpt>
  <trkpt lat="50.76425618" lon="14.11319531"><ele>292.860</ele><time>2026-09-27T09:10:10Z</time><speed>12.140</speed><sat>31</sat></trkpt>
  <trkpt lat="50.76431646" lon="14.11333825"><ele>293.350</ele><time>2026-09-27T09:10:11Z</time><speed>12.030</speed><sat>31</sat></trkpt>
  <trkpt lat="50.76437276" lon="14.11348405"><ele>293.650</ele><time>2026-09-27T09:10:12Z</time><speed>11.980</speed><sat>30</sat></trkpt>
  <trkpt lat="50.76443027" lon="14.11362701"><ele>293.651</ele><time>2026-09-27T09:10:13Z</time><speed>11.950</speed><sat>30</sat></trkpt>
  <trkpt lat="50.76448649" lon="14.11376883"><ele>293.960</ele><time>2026-09-27T09:10:14Z</time><speed>11.970</speed><sat>30</sat></trkpt>
  <trkpt lat="50.76454547" lon="14.11391683"><ele>294.124</ele><time>2026-09-27T09:10:15Z</time><speed>12.130</speed><sat>30</sat></trkpt>
  <trkpt lat="50.76460237" lon="14.11406613"><ele>294.341</ele><time>2026-09-27T09:10:16Z</time><speed>12.310</speed><sat>30</sat></trkpt>
  <trkpt lat="50.76466145" lon="14.11421568"><ele>294.368</ele><time>2026-09-27T09:10:17Z</time><speed>12.470</speed><sat>30</sat></trkpt>
  <trkpt lat="50.76471960" lon="14.11437243"><ele>294.623</ele><time>2026-09-27T09:10:18Z</time><speed>12.750</speed><sat>30</sat></trkpt>
  <trkpt lat="50.76478033" lon="14.11453335"><ele>294.701</ele><time>2026-09-27T09:10:19Z</time><speed>13.190</speed><sat>30</sat></trkpt>
  <trkpt lat="50.76484504" lon="14.11469909"><ele>294.749</ele><time>2026-09-27T09:10:20Z</time><speed>13.600</speed><sat>30</sat></trkpt>
  <trkpt lat="50.76491107" lon="14.11486465"><ele>295.041</ele><time>2026-09-27T09:10:21Z</time><speed>13.880</speed><sat>30</sat></trkpt>
  <trkpt lat="50.76497801" lon="14.11503687"><ele>295.267</ele><time>2026-09-27T09:10:22Z</time><speed>14.130</speed><sat>30</sat></trkpt>
  <trkpt lat="50.76504725" lon="14.11520626"><ele>295.195</ele><time>2026-09-27T09:10:23Z</time><speed>14.260</speed><sat>31</sat></trkpt>
  <trkpt lat="50.76511687" lon="14.11538051"><ele>295.035</ele><time>2026-09-27T09:10:24Z</time><speed>14.560</speed><sat>31</sat></trkpt>
  <trkpt lat="50.76518385" lon="14.11555817"><ele>294.896</ele><time>2026-09-27T09:10:25Z</time><speed>14.730</speed><sat>31</sat></trkpt>
  <trkpt lat="50.76525293" lon="14.11573657"><ele>294.667</ele><time>2026-09-27T09:10:26Z</time><speed>14.870</speed><sat>32</sat></trkpt>
  <trkpt lat="50.76532066" lon="14.11591949"><ele>294.329</ele><time>2026-09-27T09:10:27Z</time><speed>14.990</speed><sat>32</sat></trkpt>
  <trkpt lat="50.76539062" lon="14.11610489"><ele>293.918</ele><time>2026-09-27T09:10:28Z</time><speed>15.120</speed><sat>32</sat></trkpt>
  <trkpt lat="50.76545999" lon="14.11628944"><ele>293.419</ele><time>2026-09-27T09:10:29Z</time><speed>15.180</speed><sat>32</sat></trkpt>
  <trkpt lat="50.76552768" lon="14.11647070"><ele>292.984</ele><time>2026-09-27T09:10:30Z</time><speed>15.090</speed><sat>32</sat></trkpt>
  <trkpt lat="50.76559791" lon="14.11664796"><ele>292.959</ele><time>2026-09-27T09:10:31Z</time><speed>14.960</speed><sat>32</sat></trkpt>
  <trkpt lat="50.76566874" lon="14.11682470"><ele>292.746</ele><time>2026-09-27T09:10:32Z</time><speed>14.780</speed><sat>31</sat></trkpt>
  <trkpt lat="50.76574484" lon="14.11699431"><ele>292.521</ele><time>2026-09-27T09:10:33Z</time><speed>14.690</speed><sat>32</sat></trkpt>
  <trkpt lat="50.76582837" lon="14.11715838"><ele>292.207</ele><time>2026-09-27T09:10:34Z</time><speed>14.680</speed><sat>31</sat></trkpt>
  <trkpt lat="50.76592103" lon="14.11730641"><ele>292.043</ele><time>2026-09-27T09:10:35Z</time><speed>14.610</speed><sat>31</sat></trkpt>
  <trkpt lat="50.76601774" lon="14.11744743"><ele>291.434</ele><time>2026-09-27T09:10:36Z</time><speed>14.640</speed><sat>31</sat></trkpt>
  <trkpt lat="50.76612040" lon="14.11758542"><ele>290.754</ele><time>2026-09-27T09:10:37Z</time><speed>14.760</speed><sat>31</sat></trkpt>
  <trkpt lat="50.76622119" lon="14.11772464"><ele>289.860</ele><time>2026-09-27T09:10:38Z</time><speed>14.900</speed><sat>30</sat></trkpt>
  <trkpt lat="50.76632207" lon="14.11786523"><ele>289.212</ele><time>2026-09-27T09:10:39Z</time><speed>15.040</speed><sat>31</sat></trkpt>
  <trkpt lat="50.76642470" lon="14.11800456"><ele>288.671</ele><time>2026-09-27T09:10:40Z</time><speed>15.170</speed><sat>32</sat></trkpt>
  <trkpt lat="50.76652760" lon="14.11814845"><ele>287.973</ele><time>2026-09-27T09:10:41Z</time><speed>15.230</speed><sat>32</sat></trkpt>
  <trkpt lat="50.76662533" lon="14.11828594"><ele>287.178</ele><time>2026-09-27T09:10:42Z</time><speed>14.580</speed><sat>32</sat></trkpt>
  <trkpt lat="50.76672023" lon="14.11842177"><ele>286.417</ele><time>2026-09-27T09:10:43Z</time><speed>14.060</speed><sat>32</sat></trkpt>
  <trkpt lat="50.76681569" lon="14.11855278"><ele>285.673</ele><time>2026-09-27T09:10:44Z</time><speed>14.000</speed><sat>32</sat></trkpt>
  <trkpt lat="50.76691044" lon="14.11868405"><ele>284.927</ele><time>2026-09-27T09:10:45Z</time><speed>13.930</speed><sat>32</sat></trkpt>
  <trkpt lat="50.76700546" lon="14.11881463"><ele>284.267</ele><time>2026-09-27T09:10:46Z</time><speed>14.020</speed><sat>32</sat></trkpt>
  <trkpt lat="50.76710053" lon="14.11894778"><ele>283.571</ele><time>2026-09-27T09:10:47Z</time><speed>14.140</speed><sat>32</sat></trkpt>
  <trkpt lat="50.76719561" lon="14.11908199"><ele>282.923</ele><time>2026-09-27T09:10:48Z</time><speed>14.300</speed><sat>32</sat></trkpt>
  <trkpt lat="50.76729357" lon="14.11921612"><ele>282.335</ele><time>2026-09-27T09:10:49Z</time><speed>14.390</speed><sat>32</sat></trkpt>
  <trkpt lat="50.76739406" lon="14.11935006"><ele>281.771</ele><time>2026-09-27T09:10:50Z</time><speed>14.470</speed><sat>32</sat></trkpt>
  <trkpt lat="50.76749539" lon="14.11948102"><ele>281.169</ele><time>2026-09-27T09:10:51Z</time><speed>14.560</speed><sat>32</sat></trkpt>
  <trkpt lat="50.76759706" lon="14.11961177"><ele>280.356</ele><time>2026-09-27T09:10:52Z</time><speed>14.580</speed><sat>31</sat></trkpt>
  <trkpt lat="50.76769980" lon="14.11974966"><ele>279.728</ele><time>2026-09-27T09:10:53Z</time><speed>14.660</speed><sat>30</sat></trkpt>
  <trkpt lat="50.76780138" lon="14.11987829"><ele>278.973</ele><time>2026-09-27T09:10:54Z</time><speed>14.370</speed><sat>30</sat></trkpt>
  <trkpt lat="50.76790035" lon="14.11999974"><ele>278.208</ele><time>2026-09-27T09:10:55Z</time><speed>14.070</speed><sat>30</sat></trkpt>
  <trkpt lat="50.76800209" lon="14.12011165"><ele>277.737</ele><time>2026-09-27T09:10:56Z</time><speed>13.910</speed><sat>30</sat></trkpt>
  <trkpt lat="50.76810384" lon="14.12022738"><ele>277.406</ele><time>2026-09-27T09:10:57Z</time><speed>13.930</speed><sat>30</sat></trkpt>
  <trkpt lat="50.76820421" lon="14.12034582"><ele>276.736</ele><time>2026-09-27T09:10:58Z</time><speed>13.910</speed><sat>31</sat></trkpt>
  <trkpt lat="50.76830235" lon="14.12046435"><ele>276.131</ele><time>2026-09-27T09:10:59Z</time><speed>13.930</speed><sat>30</sat></trkpt>
  <trkpt lat="50.76840403" lon="14.12058220"><ele>275.876</ele><time>2026-09-27T09:11:00Z</time><speed>13.890</speed><sat>30</sat></trkpt>
  <trkpt lat="50.76850232" lon="14.12069763"><ele>275.595</ele><time>2026-09-27T09:11:01Z</time><speed>13.830</speed><sat>29</sat></trkpt>
  <trkpt lat="50.76860322" lon="14.12081617"><ele>275.198</ele><time>2026-09-27T09:11:02Z</time><speed>13.770</speed><sat>30</sat></trkpt>
  <trkpt lat="50.76870395" lon="14.12092800"><ele>274.725</ele><time>2026-09-27T09:11:03Z</time><speed>13.700</speed><sat>30</sat></trkpt>
  <trkpt lat="50.76880240" lon="14.12104522"><ele>274.238</ele><time>2026-09-27T09:11:04Z</time><speed>13.620</speed><sat>30</sat></trkpt>
  <trkpt lat="50.76890158" lon="14.12116167"><ele>273.846</ele><time>2026-09-27T09:11:05Z</time><speed>13.640</speed><sat>30</sat></trkpt>
  <trkpt lat="50.76900311" lon="14.12127866"><ele>273.589</ele><time>2026-09-27T09:11:06Z</time><speed>13.680</speed><sat>30</sat></trkpt>
  <trkpt lat="50.76910146" lon="14.12139425"><ele>273.415</ele><time>2026-09-27T09:11:07Z</time><speed>13.670</speed><sat>30</sat></trkpt>
  <trkpt lat="50.76919685" lon="14.12150958"><ele>273.234</ele><time>2026-09-27T09:11:08Z</time><speed>13.510</speed><sat>30</sat></trkpt>
  <trkpt lat="50.76929506" lon="14.12162139"><ele>273.130</ele><time>2026-09-27T09:11:09Z</time><speed>13.380</speed><sat>29</sat></trkpt>
  <trkpt lat="50.76939701" lon="14.12171407"><ele>273.182</ele><time>2026-09-27T09:11:10Z</time><speed>13.190</speed><sat>30</sat></trkpt>
  <trkpt lat="50.76950205" lon="14.12177803"><ele>272.613</ele><time>2026-09-27T09:11:11Z</time><speed>12.820</speed><sat>31</sat></trkpt>
  <trkpt lat="50.76961047" lon="14.12181154"><ele>273.406</ele><time>2026-09-27T09:11:12Z</time><speed>12.610</speed><sat>31</sat></trkpt>
  <trkpt lat="50.76972617" lon="14.12179850"><ele>272.997</ele><time>2026-09-27T09:11:13Z</time><speed>12.740</speed><sat>31</sat></trkpt>
  <trkpt lat="50.76983828" lon="14.12175870"><ele>272.725</ele><time>2026-09-27T09:11:14Z</time><speed>12.910</speed><sat>31</sat></trkpt>
  <trkpt lat="50.76994849" lon="14.12169762"><ele>272.360</ele><time>2026-09-27T09:11:15Z</time><speed>12.980</speed><sat>31</sat></trkpt>
  <trkpt lat="50.77005876" lon="14.12161981"><ele>272.163</ele><time>2026-09-27T09:11:16Z</time><speed>13.280</speed><sat>31</sat></trkpt>
  <trkpt lat="50.77016484" lon="14.12154214"><ele>272.336</ele><time>2026-09-27T09:11:17Z</time><speed>13.330</speed><sat>31</sat></trkpt>
  <trkpt lat="50.77027010" lon="14.12146208"><ele>272.485</ele><time>2026-09-27T09:11:18Z</time><speed>13.080</speed><sat>31</sat></trkpt>
  <trkpt lat="50.77037818" lon="14.12138127"><ele>272.839</ele><time>2026-09-27T09:11:19Z</time><speed>13.050</speed><sat>30</sat></trkpt>
  <trkpt lat="50.77048143" lon="14.12130497"><ele>272.643</ele><time>2026-09-27T09:11:20Z</time><speed>12.800</speed><sat>30</sat></trkpt>
  <trkpt lat="50.77057481" lon="14.12123696"><ele>272.501</ele><time>2026-09-27T09:11:21Z</time><speed>11.790</speed><sat>30</sat></trkpt>
  <trkpt lat="50.77066116" lon="14.12117104"><ele>271.593</ele><time>2026-09-27T09:11:22Z</time><speed>10.870</speed><sat>30</sat></trkpt>
  <trkpt lat="50.77074690" lon="14.12110558"><ele>271.069</ele><time>2026-09-27T09:11:23Z</time><speed>10.600</speed><sat>30</sat></trkpt>
  <trkpt lat="50.77083489" lon="14.12104342"><ele>271.060</ele><time>2026-09-27T09:11:24Z</time><speed>10.650</speed><sat>28</sat></trkpt>
  <trkpt lat="50.77092408" lon="14.12098338"><ele>270.164</ele><time>2026-09-27T09:11:25Z</time><speed>10.920</speed><sat>29</sat></trkpt>
  <trkpt lat="50.77101796" lon="14.12092630"><ele>269.469</ele><time>2026-09-27T09:11:26Z</time><speed>11.240</speed><sat>28</sat></trkpt>
  <trkpt lat="50.77111616" lon="14.12088560"><ele>268.971</ele><time>2026-09-27T09:11:27Z</time><speed>11.390</speed><sat>29</sat></trkpt>
  <trkpt lat="50.77121726" lon="14.12086895"><ele>268.777</ele><time>2026-09-27T09:11:28Z</time><speed>11.720</speed><sat>29</sat></trkpt>
  <trkpt lat="50.77132411" lon="14.12088727"><ele>268.862</ele><time>2026-09-27T09:11:29Z</time><speed>11.850</speed><sat>31</sat></trkpt>
  <trkpt lat="50.77142470" lon="14.12094092"><ele>268.006</ele><time>2026-09-27T09:11:30Z</time><speed>11.770</speed><sat>30</sat></trkpt>
  <trkpt lat="50.77152214" lon="14.12101952"><ele>267.674</ele><time>2026-09-27T09:11:31Z</time><speed>12.040</speed><sat>29</sat></trkpt>
  <trkpt lat="50.77162164" lon="14.12110104"><ele>267.375</ele><time>2026-09-27T09:11:32Z</time><speed>12.300</speed><sat>29</sat></trkpt>
  <trkpt lat="50.77172456" lon="14.12118798"><ele>266.975</ele><time>2026-09-27T09:11:33Z</time><speed>12.970</speed><sat>29</sat></trkpt>
  <trkpt lat="50.77182828" lon="14.12127652"><ele>266.594</ele><time>2026-09-27T09:11:34Z</time><speed>13.270</speed><sat>29</sat></trkpt>
  <trkpt lat="50.77193326" lon="14.12136466"><ele>266.240</ele><time>2026-09-27T09:11:35Z</time><speed>13.260</speed><sat>29</sat></trkpt>
  <trkpt lat="50.77203560" lon="14.12145678"><ele>266.220</ele><time>2026-09-27T09:11:36Z</time><speed>12.980</speed><sat>29</sat></trkpt>
  <trkpt lat="50.77213980" lon="14.12154217"><ele>265.839</ele><time>2026-09-27T09:11:37Z</time><speed>12.820</speed><sat>29</sat></trkpt>
  <trkpt lat="50.77223922" lon="14.12163105"><ele>265.790</ele><time>2026-09-27T09:11:38Z</time><speed>12.720</speed><sat>29</sat></trkpt>
  <trkpt lat="50.77234142" lon="14.12171364"><ele>265.465</ele><time>2026-09-27T09:11:39Z</time><speed>12.730</speed><sat>29</sat></trkpt>
  <trkpt lat="50.77244065" lon="14.12180136"><ele>265.454</ele><time>2026-09-27T09:11:40Z</time><speed>12.800</speed><sat>29</sat></trkpt>
  <trkpt lat="50.77254115" lon="14.12189213"><ele>266.004</ele><time>2026-09-27T09:11:41Z</time><speed>12.860</speed><sat>29</sat></trkpt>
  <trkpt lat="50.77264356" lon="14.12198106"><ele>266.529</ele><time>2026-09-27T09:11:42Z</time><speed>12.920</speed><sat>28</sat></trkpt>
  <trkpt lat="50.77274418" lon="14.12207014"><ele>266.768</ele><time>2026-09-27T09:11:43Z</time><speed>12.770</speed><sat>28</sat></trkpt>
  <trkpt lat="50.77284144" lon="14.12215379"><ele>267.229</ele><time>2026-09-27T09:11:44Z</time><speed>12.230</speed><sat>28</sat></trkpt>
  <trkpt lat="50.77293523" lon="14.12223490"><ele>267.383</ele><time>2026-09-27T09:11:45Z</time><speed>11.940</speed><sat>28</sat></trkpt>
  <trkpt lat="50.77302150" lon="14.12233211"><ele>267.579</ele><time>2026-09-27T09:11:46Z</time><speed>11.700</speed><sat>28</sat></trkpt>
  <trkpt lat="50.77309111" lon="14.12245426"><ele>267.598</ele><time>2026-09-27T09:11:47Z</time><speed>11.570</speed><sat>28</sat></trkpt>
  <trkpt lat="50.77314074" lon="14.12259519"><ele>267.545</ele><time>2026-09-27T09:11:48Z</time><speed>11.490</speed><sat>28</sat></trkpt>
  <trkpt lat="50.77316699" lon="14.12275397"><ele>267.780</ele><time>2026-09-27T09:11:49Z</time><speed>11.490</speed><sat>30</sat></trkpt>
  <trkpt lat="50.77317352" lon="14.12291891"><ele>267.919</ele><time>2026-09-27T09:11:50Z</time><speed>11.480</speed><sat>30</sat></trkpt>
  <trkpt lat="50.77318408" lon="14.12308246"><ele>267.997</ele><time>2026-09-27T09:11:51Z</time><speed>11.580</speed><sat>30</sat></trkpt>
  <trkpt lat="50.77320675" lon="14.12324716"><ele>268.086</ele><time>2026-09-27T09:11:52Z</time><speed>11.830</speed><sat>29</sat></trkpt>
  <trkpt lat="50.77323898" lon="14.12341253"><ele>268.252</ele><time>2026-09-27T09:11:53Z</time><speed>12.130</speed><sat>29</sat></trkpt>
  <trkpt lat="50.77327960" lon="14.12357576"><ele>268.027</ele><time>2026-09-27T09:11:54Z</time><speed>12.550</speed><sat>30</sat></trkpt>
  <trkpt lat="50.77332353" lon="14.12374497"><ele>267.918</ele><time>2026-09-27T09:11:55Z</time><speed>12.960</speed><sat>30</sat></trkpt>
  <trkpt lat="50.77336921" lon="14.12391921"><ele>268.103</ele><time>2026-09-27T09:11:56Z</time><speed>13.270</speed><sat>30</sat></trkpt>
  <trkpt lat="50.77341702" lon="14.12409281"><ele>268.257</ele><time>2026-09-27T09:11:57Z</time><speed>13.440</speed><sat>30</sat></trkpt>
  <trkpt lat="50.77346548" lon="14.12426835"><ele>268.332</ele><time>2026-09-27T09:11:58Z</time><speed>13.520</speed><sat>30</sat></trkpt>
  <trkpt lat="50.77351558" lon="14.12444273"><ele>268.360</ele><time>2026-09-27T09:11:59Z</time><speed>13.470</speed><sat>30</sat></trkpt>
  <trkpt lat="50.77356359" lon="14.12461399"><ele>268.483</ele><time>2026-09-27T09:12:00Z</time><speed>13.240</speed><sat>30</sat></trkpt>
  <trkpt lat="50.77361181" lon="14.12478214"><ele>268.264</ele><time>2026-09-27T09:12:01Z</time><speed>13.010</speed><sat>29</sat></trkpt>
  <trkpt lat="50.77366004" lon="14.12495116"><ele>268.100</ele><time>2026-09-27T09:12:02Z</time><speed>12.920</speed><sat>29</sat></trkpt>
  <trkpt lat="50.77370948" lon="14.12512367"><ele>267.745</ele><time>2026-09-27T09:12:03Z</time><speed>13.120</speed><sat>29</sat></trkpt>
  <trkpt lat="50.77375980" lon="14.12529539"><ele>267.128</ele><time>2026-09-27T09:12:04Z</time><speed>13.370</speed><sat>27</sat></trkpt>
  <trkpt lat="50.77380859" lon="14.12547134"><ele>266.506</ele><time>2026-09-27T09:12:05Z</time><speed>13.420</speed><sat>28</sat></trkpt>
  <trkpt lat="50.77385701" lon="14.12564773"><ele>265.909</ele><time>2026-09-27T09:12:06Z</time><speed>13.420</speed><sat>28</sat></trkpt>
  <trkpt lat="50.77391093" lon="14.12582177"><ele>265.517</ele><time>2026-09-27T09:12:07Z</time><speed>13.500</speed><sat>29</sat></trkpt>
  <trkpt lat="50.77395793" lon="14.12599548"><ele>264.658</ele><time>2026-09-27T09:12:08Z</time><speed>13.470</speed><sat>30</sat></trkpt>
  <trkpt lat="50.77400595" lon="14.12617293"><ele>264.313</ele><time>2026-09-27T09:12:09Z</time><speed>13.530</speed><sat>29</sat></trkpt>
  <trkpt lat="50.77405734" lon="14.12634971"><ele>264.293</ele><time>2026-09-27T09:12:10Z</time><speed>13.590</speed><sat>29</sat></trkpt>
  <trkpt lat="50.77412134" lon="14.12651221"><ele>263.784</ele><time>2026-09-27T09:12:11Z</time><speed>13.550</speed><sat>29</sat></trkpt>
  <trkpt lat="50.77419561" lon="14.12666483"><ele>263.317</ele><time>2026-09-27T09:12:12Z</time><speed>13.520</speed><sat>30</sat></trkpt>
  <trkpt lat="50.77428380" lon="14.12680259"><ele>262.895</ele><time>2026-09-27T09:12:13Z</time><speed>13.580</speed><sat>29</sat></trkpt>
  <trkpt lat="50.77437401" lon="14.12692454"><ele>262.598</ele><time>2026-09-27T09:12:14Z</time><speed>13.420</speed><sat>29</sat></trkpt>
  <trkpt lat="50.77446615" lon="14.12704400"><ele>262.601</ele><time>2026-09-27T09:12:15Z</time><speed>13.300</speed><sat>29</sat></trkpt>
  <trkpt lat="50.77455746" lon="14.12716319"><ele>262.697</ele><time>2026-09-27T09:12:16Z</time><speed>13.190</speed><sat>29</sat></trkpt>
  <trkpt lat="50.77464811" lon="14.12727737"><ele>262.591</ele><time>2026-09-27T09:12:17Z</time><speed>13.060</speed><sat>29</sat></trkpt>
  <trkpt lat="50.77473743" lon="14.12739233"><ele>262.672</ele><time>2026-09-27T09:12:18Z</time><speed>12.970</speed><sat>29</sat></trkpt>
  <trkpt lat="50.77482607" lon="14.12750913"><ele>262.635</ele><time>2026-09-27T09:12:19Z</time><speed>12.880</speed><sat>29</sat></trkpt>
  <trkpt lat="50.77491187" lon="14.12763098"><ele>262.940</ele><time>2026-09-27T09:12:20Z</time><speed>12.830</speed><sat>29</sat></trkpt>
  <trkpt lat="50.77499767" lon="14.12775350"><ele>263.169</ele><time>2026-09-27T09:12:21Z</time><speed>12.800</speed><sat>29</sat></trkpt>
  <trkpt lat="50.77508480" lon="14.12787329"><ele>263.444</ele><time>2026-09-27T09:12:22Z</time><speed>12.890</speed><sat>29</sat></trkpt>
  <trkpt lat="50.77517269" lon="14.12799399"><ele>263.802</ele><time>2026-09-27T09:12:23Z</time><speed>13.010</speed><sat>29</sat></trkpt>
  <trkpt lat="50.77525937" lon="14.12811693"><ele>264.126</ele><time>2026-09-27T09:12:24Z</time><speed>13.030</speed><sat>29</sat></trkpt>
  <trkpt lat="50.77534260" lon="14.12824291"><ele>264.460</ele><time>2026-09-27T09:12:25Z</time><speed>12.960</speed><sat>29</sat></trkpt>
  <trkpt lat="50.77542371" lon="14.12837438"><ele>264.743</ele><time>2026-09-27T09:12:26Z</time><speed>12.840</speed><sat>29</sat></trkpt>
  <trkpt lat="50.77549867" lon="14.12851073"><ele>264.868</ele><time>2026-09-27T09:12:27Z</time><speed>12.650</speed><sat>29</sat></trkpt>
  <trkpt lat="50.77557110" lon="14.12865102"><ele>264.895</ele><time>2026-09-27T09:12:28Z</time><speed>12.650</speed><sat>29</sat></trkpt>
  <trkpt lat="50.77563852" lon="14.12879994"><ele>264.370</ele><time>2026-09-27T09:12:29Z</time><speed>12.940</speed><sat>29</sat></trkpt>
  <trkpt lat="50.77570347" lon="14.12895609"><ele>263.721</ele><time>2026-09-27T09:12:30Z</time><speed>13.200</speed><sat>29</sat></trkpt>
  <trkpt lat="50.77576749" lon="14.12911450"><ele>263.198</ele><time>2026-09-27T09:12:31Z</time><speed>13.220</speed><sat>28</sat></trkpt>
  <trkpt lat="50.77582416" lon="14.12928007"><ele>262.690</ele><time>2026-09-27T09:12:32Z</time><speed>13.310</speed><sat>27</sat></trkpt>
  <trkpt lat="50.77588178" lon="14.12944896"><ele>262.091</ele><time>2026-09-27T09:12:33Z</time><speed>13.310</speed><sat>28</sat></trkpt>
  <trkpt lat="50.77594003" lon="14.12962143"><ele>261.583</ele><time>2026-09-27T09:12:34Z</time><speed>13.300</speed><sat>28</sat></trkpt>
  <trkpt lat="50.77599740" lon="14.12979371"><ele>260.857</ele><time>2026-09-27T09:12:35Z</time><speed>13.420</speed><sat>28</sat></trkpt>
  <trkpt lat="50.77605695" lon="14.12996939"><ele>260.276</ele><time>2026-09-27T09:12:36Z</time><speed>13.520</speed><sat>28</sat></trkpt>
  <trkpt lat="50.77611875" lon="14.13014173"><ele>259.471</ele><time>2026-09-27T09:12:37Z</time><speed>14.040</speed><sat>28</sat></trkpt>
  <trkpt lat="50.77618191" lon="14.13032355"><ele>258.550</ele><time>2026-09-27T09:12:38Z</time><speed>14.640</speed><sat>28</sat></trkpt>
  <trkpt lat="50.77624802" lon="14.13051419"><ele>257.841</ele><time>2026-09-27T09:12:39Z</time><speed>15.180</speed><sat>28</sat></trkpt>
  <trkpt lat="50.77631685" lon="14.13071177"><ele>257.210</ele><time>2026-09-27T09:12:40Z</time><speed>15.640</speed><sat>28</sat></trkpt>
  <trkpt lat="50.77638495" lon="14.13091207"><ele>256.506</ele><time>2026-09-27T09:12:41Z</time><speed>15.930</speed><sat>28</sat></trkpt>
  <trkpt lat="50.77645496" lon="14.13111196"><ele>255.816</ele><time>2026-09-27T09:12:42Z</time><speed>16.090</speed><sat>28</sat></trkpt>
  <trkpt lat="50.77652355" lon="14.13131176"><ele>255.154</ele><time>2026-09-27T09:12:43Z</time><speed>16.170</speed><sat>27</sat></trkpt>
  <trkpt lat="50.77659224" lon="14.13151300"><ele>254.509</ele><time>2026-09-27T09:12:44Z</time><speed>16.240</speed><sat>27</sat></trkpt>
  <trkpt lat="50.77666189" lon="14.13171635"><ele>253.734</ele><time>2026-09-27T09:12:45Z</time><speed>16.330</speed><sat>27</sat></trkpt>
  <trkpt lat="50.77673464" lon="14.13191817"><ele>252.994</ele><time>2026-09-27T09:12:46Z</time><speed>16.370</speed><sat>27</sat></trkpt>
  <trkpt lat="50.77680855" lon="14.13212307"><ele>252.304</ele><time>2026-09-27T09:12:47Z</time><speed>16.490</speed><sat>27</sat></trkpt>
  <trkpt lat="50.77688972" lon="14.13232636"><ele>251.869</ele><time>2026-09-27T09:12:48Z</time><speed>16.630</speed><sat>26</sat></trkpt>
  <trkpt lat="50.77697476" lon="14.13251908"><ele>251.247</ele><time>2026-09-27T09:12:49Z</time><speed>16.690</speed><sat>25</sat></trkpt>
  <trkpt lat="50.77705676" lon="14.13270161"><ele>250.183</ele><time>2026-09-27T09:12:50Z</time><speed>16.770</speed><sat>24</sat></trkpt>
  <trkpt lat="50.77714372" lon="14.13289116"><ele>249.195</ele><time>2026-09-27T09:12:51Z</time><speed>16.590</speed><sat>25</sat></trkpt>
  <trkpt lat="50.77723146" lon="14.13307209"><ele>248.314</ele><time>2026-09-27T09:12:52Z</time><speed>15.910</speed><sat>25</sat></trkpt>
  <trkpt lat="50.77730946" lon="14.13323988"><ele>247.597</ele><time>2026-09-27T09:12:53Z</time><speed>14.970</speed><sat>25</sat></trkpt>
  <trkpt lat="50.77738866" lon="14.13340290"><ele>246.927</ele><time>2026-09-27T09:12:54Z</time><speed>14.350</speed><sat>25</sat></trkpt>
  <trkpt lat="50.77746446" lon="14.13355946"><ele>246.307</ele><time>2026-09-27T09:12:55Z</time><speed>13.980</speed><sat>26</sat></trkpt>
  <trkpt lat="50.77753867" lon="14.13371266"><ele>245.557</ele><time>2026-09-27T09:12:56Z</time><speed>13.930</speed><sat>26</sat></trkpt>
  <trkpt lat="50.77761274" lon="14.13387134"><ele>244.857</ele><time>2026-09-27T09:12:57Z</time><speed>13.920</speed><sat>28</sat></trkpt>
  <trkpt lat="50.77768677" lon="14.13403463"><ele>244.508</ele><time>2026-09-27T09:12:58Z</time><speed>13.950</speed><sat>28</sat></trkpt>
  <trkpt lat="50.77775972" lon="14.13419543"><ele>243.944</ele><time>2026-09-27T09:12:59Z</time><speed>13.970</speed><sat>29</sat></trkpt>
  <trkpt lat="50.77783509" lon="14.13435606"><ele>243.477</ele><time>2026-09-27T09:13:00Z</time><speed>13.970</speed><sat>29</sat></trkpt>
  <trkpt lat="50.77790773" lon="14.13451527"><ele>243.035</ele><time>2026-09-27T09:13:01Z</time><speed>13.920</speed><sat>29</sat></trkpt>
  <trkpt lat="50.77798488" lon="14.13467267"><ele>242.737</ele><time>2026-09-27T09:13:02Z</time><speed>13.780</speed><sat>29</sat></trkpt>
  <trkpt lat="50.77805804" lon="14.13482371"><ele>242.294</ele><time>2026-09-27T09:13:03Z</time><speed>13.600</speed><sat>29</sat></trkpt>
  <trkpt lat="50.77813085" lon="14.13497706"><ele>242.058</ele><time>2026-09-27T09:13:04Z</time><speed>13.450</speed><sat>29</sat></trkpt>
  <trkpt lat="50.77819945" lon="14.13514072"><ele>241.712</ele><time>2026-09-27T09:13:05Z</time><speed>13.540</speed><sat>29</sat></trkpt>
  <trkpt lat="50.77826252" lon="14.13530288"><ele>241.352</ele><time>2026-09-27T09:13:06Z</time><speed>13.480</speed><sat>29</sat></trkpt>
  <trkpt lat="50.77832363" lon="14.13547148"><ele>240.942</ele><time>2026-09-27T09:13:07Z</time><speed>13.600</speed><sat>29</sat></trkpt>
  <trkpt lat="50.77838284" lon="14.13564179"><ele>240.528</ele><time>2026-09-27T09:13:08Z</time><speed>13.790</speed><sat>29</sat></trkpt>
  <trkpt lat="50.77843356" lon="14.13581475"><ele>240.404</ele><time>2026-09-27T09:13:09Z</time><speed>13.680</speed><sat>30</sat></trkpt>
  <trkpt lat="50.77848446" lon="14.13599121"><ele>240.073</ele><time>2026-09-27T09:13:10Z</time><speed>13.550</speed><sat>30</sat></trkpt>
  <trkpt lat="50.77853264" lon="14.13616493"><ele>239.669</ele><time>2026-09-27T09:13:11Z</time><speed>13.410</speed><sat>30</sat></trkpt>
  <trkpt lat="50.77858197" lon="14.13634787"><ele>239.444</ele><time>2026-09-27T09:13:12Z</time><speed>13.580</speed><sat>29</sat></trkpt>
  <trkpt lat="50.77863545" lon="14.13652562"><ele>239.381</ele><time>2026-09-27T09:13:13Z</time><speed>13.740</speed><sat>29</sat></trkpt>
  <trkpt lat="50.77867970" lon="14.13670016"><ele>238.997</ele><time>2026-09-27T09:13:14Z</time><speed>13.530</speed><sat>29</sat></trkpt>
  <trkpt lat="50.77872965" lon="14.13687904"><ele>238.762</ele><time>2026-09-27T09:13:15Z</time><speed>13.770</speed><sat>28</sat></trkpt>
  <trkpt lat="50.77878121" lon="14.13706236"><ele>238.673</ele><time>2026-09-27T09:13:16Z</time><speed>13.980</speed><sat>28</sat></trkpt>
  <trkpt lat="50.77883152" lon="14.13724356"><ele>238.294</ele><time>2026-09-27T09:13:17Z</time><speed>13.980</speed><sat>28</sat></trkpt>
  <trkpt lat="50.77888682" lon="14.13743148"><ele>238.117</ele><time>2026-09-27T09:13:18Z</time><speed>14.550</speed><sat>25</sat></trkpt>
  <trkpt lat="50.77892965" lon="14.13762490"><ele>237.311</ele><time>2026-09-27T09:13:19Z</time><speed>14.710</speed><sat>25</sat></trkpt>
  <trkpt lat="50.77899421" lon="14.13781518"><ele>237.057</ele><time>2026-09-27T09:13:20Z</time><speed>15.040</speed><sat>25</sat></trkpt>
  <trkpt lat="50.77906187" lon="14.13799877"><ele>236.606</ele><time>2026-09-27T09:13:21Z</time><speed>14.890</speed><sat>25</sat></trkpt>
  <trkpt lat="50.77913155" lon="14.13818137"><ele>236.397</ele><time>2026-09-27T09:13:22Z</time><speed>15.040</speed><sat>27</sat></trkpt>
  <trkpt lat="50.77920118" lon="14.13836598"><ele>236.257</ele><time>2026-09-27T09:13:23Z</time><speed>14.990</speed><sat>27</sat></trkpt>
  <trkpt lat="50.77927645" lon="14.13854146"><ele>235.927</ele><time>2026-09-27T09:13:24Z</time><speed>14.990</speed><sat>27</sat></trkpt>
  <trkpt lat="50.77935076" lon="14.13872076"><ele>235.842</ele><time>2026-09-27T09:13:25Z</time><speed>14.930</speed><sat>27</sat></trkpt>
  <trkpt lat="50.77942213" lon="14.13890147"><ele>236.003</ele><time>2026-09-27T09:13:26Z</time><speed>14.910</speed><sat>27</sat></trkpt>
  <trkpt lat="50.77949029" lon="14.13907740"><ele>235.293</ele><time>2026-09-27T09:13:27Z</time><speed>14.800</speed><sat>28</sat></trkpt>
  <trkpt lat="50.77956002" lon="14.13925312"><ele>234.851</ele><time>2026-09-27T09:13:28Z</time><speed>14.530</speed><sat>28</sat></trkpt>
  <trkpt lat="50.77962890" lon="14.13943194"><ele>234.739</ele><time>2026-09-27T09:13:29Z</time><speed>14.410</speed><sat>29</sat></trkpt>
  <trkpt lat="50.77969260" lon="14.13960408"><ele>234.426</ele><time>2026-09-27T09:13:30Z</time><speed>13.730</speed><sat>29</sat></trkpt>
  <trkpt lat="50.77974841" lon="14.13977533"><ele>234.218</ele><time>2026-09-27T09:13:31Z</time><speed>13.290</speed><sat>29</sat></trkpt>
  <trkpt lat="50.77980080" lon="14.13994106"><ele>234.094</ele><time>2026-09-27T09:13:32Z</time><speed>12.820</speed><sat>29</sat></trkpt>
  <trkpt lat="50.77984775" lon="14.14010839"><ele>233.990</ele><time>2026-09-27T09:13:33Z</time><speed>12.810</speed><sat>29</sat></trkpt>
  <trkpt lat="50.77989864" lon="14.14027159"><ele>234.061</ele><time>2026-09-27T09:13:34Z</time><speed>12.670</speed><sat>29</sat></trkpt>
  <trkpt lat="50.77994678" lon="14.14043251"><ele>233.939</ele><time>2026-09-27T09:13:35Z</time><speed>12.520</speed><sat>29</sat></trkpt>
  <trkpt lat="50.77999464" lon="14.14059439"><ele>234.013</ele><time>2026-09-27T09:13:36Z</time><speed>12.650</speed><sat>29</sat></trkpt>
  <trkpt lat="50.78004147" lon="14.14075788"><ele>233.955</ele><time>2026-09-27T09:13:37Z</time><speed>12.520</speed><sat>29</sat></trkpt>
  <trkpt lat="50.78008925" lon="14.14092232"><ele>233.985</ele><time>2026-09-27T09:13:38Z</time><speed>12.600</speed><sat>29</sat></trkpt>
  <trkpt lat="50.78013645" lon="14.14108640"><ele>233.670</ele><time>2026-09-27T09:13:39Z</time><speed>12.600</speed><sat>29</sat></trkpt>
  <trkpt lat="50.78018597" lon="14.14125149"><ele>233.662</ele><time>2026-09-27T09:13:40Z</time><speed>12.550</speed><sat>29</sat></trkpt>
  <trkpt lat="50.78023491" lon="14.14142123"><ele>233.262</ele><time>2026-09-27T09:13:41Z</time><speed>12.440</speed><sat>28</sat></trkpt>
  <trkpt lat="50.78027808" lon="14.14158650"><ele>233.365</ele><time>2026-09-27T09:13:42Z</time><speed>12.400</speed><sat>28</sat></trkpt>
  <trkpt lat="50.78031366" lon="14.14175459"><ele>233.203</ele><time>2026-09-27T09:13:43Z</time><speed>12.400</speed><sat>28</sat></trkpt>
  <trkpt lat="50.78034327" lon="14.14192599"><ele>233.189</ele><time>2026-09-27T09:13:44Z</time><speed>12.380</speed><sat>28</sat></trkpt>
  <trkpt lat="50.78036672" lon="14.14209514"><ele>233.084</ele><time>2026-09-27T09:13:45Z</time><speed>12.280</speed><sat>27</sat></trkpt>
  <trkpt lat="50.78038180" lon="14.14225784"><ele>233.141</ele><time>2026-09-27T09:13:46Z</time><speed>11.960</speed><sat>27</sat></trkpt>
  <trkpt lat="50.78039472" lon="14.14242933"><ele>233.183</ele><time>2026-09-27T09:13:47Z</time><speed>12.070</speed><sat>27</sat></trkpt>
  <trkpt lat="50.78041071" lon="14.14260205"><ele>233.055</ele><time>2026-09-27T09:13:48Z</time><speed>12.280</speed><sat>27</sat></trkpt>
  <trkpt lat="50.78042692" lon="14.14277695"><ele>232.771</ele><time>2026-09-27T09:13:49Z</time><speed>12.660</speed><sat>27</sat></trkpt>
  <trkpt lat="50.78044270" lon="14.14295392"><ele>232.399</ele><time>2026-09-27T09:13:50Z</time><speed>12.920</speed><sat>27</sat></trkpt>
  <trkpt lat="50.78045920" lon="14.14313637"><ele>232.233</ele><time>2026-09-27T09:13:51Z</time><speed>13.160</speed><sat>27</sat></trkpt>
  <trkpt lat="50.78047702" lon="14.14332253"><ele>231.884</ele><time>2026-09-27T09:13:52Z</time><speed>13.420</speed><sat>27</sat></trkpt>
  <trkpt lat="50.78049356" lon="14.14351209"><ele>231.546</ele><time>2026-09-27T09:13:53Z</time><speed>13.460</speed><sat>28</sat></trkpt>
  <trkpt lat="50.78051203" lon="14.14370275"><ele>231.098</ele><time>2026-09-27T09:13:54Z</time><speed>13.660</speed><sat>28</sat></trkpt>
  <trkpt lat="50.78052946" lon="14.14389647"><ele>230.943</ele><time>2026-09-27T09:13:55Z</time><speed>13.760</speed><sat>29</sat></trkpt>
  <trkpt lat="50.78054915" lon="14.14409240"><ele>230.576</ele><time>2026-09-27T09:13:56Z</time><speed>13.840</speed><sat>29</sat></trkpt>
  <trkpt lat="50.78056750" lon="14.14428585"><ele>230.164</ele><time>2026-09-27T09:13:57Z</time><speed>13.840</speed><sat>28</sat></trkpt>
  <trkpt lat="50.78058653" lon="14.14448051"><ele>229.948</ele><time>2026-09-27T09:13:58Z</time><speed>13.850</speed><sat>28</sat></trkpt>
  <trkpt lat="50.78060487" lon="14.14467832"><ele>229.757</ele><time>2026-09-27T09:13:59Z</time><speed>13.870</speed><sat>28</sat></trkpt>
  <trkpt lat="50.78062108" lon="14.14487043"><ele>229.390</ele><time>2026-09-27T09:14:00Z</time><speed>13.860</speed><sat>28</sat></trkpt>
  <trkpt lat="50.78063752" lon="14.14506443"><ele>228.984</ele><time>2026-09-27T09:14:01Z</time><speed>13.850</speed><sat>28</sat></trkpt>
  <trkpt lat="50.78065461" lon="14.14525872"><ele>228.724</ele><time>2026-09-27T09:14:02Z</time><speed>13.890</speed><sat>27</sat></trkpt>
  <trkpt lat="50.78067476" lon="14.14545450"><ele>228.382</ele><time>2026-09-27T09:14:03Z</time><speed>13.880</speed><sat>29</sat></trkpt>
  <trkpt lat="50.78069153" lon="14.14564667"><ele>228.348</ele><time>2026-09-27T09:14:04Z</time><speed>13.730</speed><sat>29</sat></trkpt>
  <trkpt lat="50.78071087" lon="14.14583490"><ele>228.111</ele><time>2026-09-27T09:14:05Z</time><speed>13.470</speed><sat>29</sat></trkpt>
  <trkpt lat="50.78073233" lon="14.14602166"><ele>227.950</ele><time>2026-09-27T09:14:06Z</time><speed>13.130</speed><sat>29</sat></trkpt>
  <trkpt lat="50.78074919" lon="14.14620094"><ele>227.985</ele><time>2026-09-27T09:14:07Z</time><speed>12.730</speed><sat>30</sat></trkpt>
  <trkpt lat="50.78076838" lon="14.14637302"><ele>227.922</ele><time>2026-09-27T09:14:08Z</time><speed>12.380</speed><sat>30</sat></trkpt>
  <trkpt lat="50.78078695" lon="14.14654952"><ele>227.756</ele><time>2026-09-27T09:14:09Z</time><speed>12.650</speed><sat>31</sat></trkpt>
  <trkpt lat="50.78080706" lon="14.14672950"><ele>227.833</ele><time>2026-09-27T09:14:10Z</time><speed>12.760</speed><sat>31</sat></trkpt>
  <trkpt lat="50.78082205" lon="14.14690572"><ele>227.642</ele><time>2026-09-27T09:14:11Z</time><speed>12.600</speed><sat>31</sat></trkpt>
  <trkpt lat="50.78083763" lon="14.14708120"><ele>227.539</ele><time>2026-09-27T09:14:12Z</time><speed>12.460</speed><sat>31</sat></trkpt>
  <trkpt lat="50.78085531" lon="14.14725493"><ele>227.618</ele><time>2026-09-27T09:14:13Z</time><speed>12.300</speed><sat>30</sat></trkpt>
  <trkpt lat="50.78087167" lon="14.14742570"><ele>227.303</ele><time>2026-09-27T09:14:14Z</time><speed>12.350</speed><sat>30</sat></trkpt>
  <trkpt lat="50.78089183" lon="14.14759864"><ele>227.085</ele><time>2026-09-27T09:14:15Z</time><speed>12.530</speed><sat>29</sat></trkpt>
  <trkpt lat="50.78090936" lon="14.14777621"><ele>226.845</ele><time>2026-09-27T09:14:16Z</time><speed>12.710</speed><sat>29</sat></trkpt>
  <trkpt lat="50.78092515" lon="14.14795553"><ele>226.721</ele><time>2026-09-27T09:14:17Z</time><speed>12.860</speed><sat>30</sat></trkpt>
  <trkpt lat="50.78094111" lon="14.14813680"><ele>226.535</ele><time>2026-09-27T09:14:18Z</time><speed>13.050</speed><sat>30</sat></trkpt>
  <trkpt lat="50.78095794" lon="14.14832211"><ele>226.175</ele><time>2026-09-27T09:14:19Z</time><speed>13.240</speed><sat>30</sat></trkpt>
  <trkpt lat="50.78097453" lon="14.14850579"><ele>226.005</ele><time>2026-09-27T09:14:20Z</time><speed>13.000</speed><sat>30</sat></trkpt>
  <trkpt lat="50.78098963" lon="14.14868697"><ele>225.513</ele><time>2026-09-27T09:14:21Z</time><speed>12.900</speed><sat>30</sat></trkpt>
  <trkpt lat="50.78100302" lon="14.14886739"><ele>225.326</ele><time>2026-09-27T09:14:22Z</time><speed>12.690</speed><sat>30</sat></trkpt>
 </trkseg>
</trk>

</gpx>
 